INFO:     Started server process [5208]
INFO:     Waiting for application startup.
INFO:     Application startup complete.
ERROR:    [Errno 48] error while attempting to bind on address ('0.0.0.0', 8000): address already in use
INFO:     Waiting for application shutdown.
INFO:     Application shutdown complete.
INFO:     Started server process [5234]
INFO:     Waiting for application startup.
INFO:     Application startup complete.
ERROR:    [Errno 48] error while attempting to bind on address ('0.0.0.0', 8000): address already in use
INFO:     Waiting for application shutdown.
INFO:     Application shutdown complete.
INFO:     Started server process [5250]
INFO:     Waiting for application startup.
INFO:     Application startup complete.
ERROR:    [Errno 48] error while attempting to bind on address ('0.0.0.0', 8000): address already in use
INFO:     Waiting for application shutdown.
INFO:     Application shutdown complete.
INFO:     Started server process [5265]
INFO:     Waiting for application startup.
INFO:     Application startup complete.
ERROR:    [Errno 48] error while attempting to bind on address ('0.0.0.0', 8000): address already in use
INFO:     Waiting for application shutdown.
INFO:     Application shutdown complete.
INFO:     Started server process [5281]
INFO:     Waiting for application startup.
INFO:     Application startup complete.
ERROR:    [Errno 48] error while attempting to bind on address ('0.0.0.0', 8000): address already in use
INFO:     Waiting for application shutdown.
INFO:     Application shutdown complete.
INFO:     Started server process [5306]
INFO:     Waiting for application startup.
INFO:     Application startup complete.
ERROR:    [Errno 48] error while attempting to bind on address ('0.0.0.0', 8000): address already in use
INFO:     Waiting for application shutdown.
INFO:     Application shutdown complete.
INFO:     Started server process [5322]
INFO:     Waiting for application startup.
INFO:     Application startup complete.
ERROR:    [Errno 48] error while attempting to bind on address ('0.0.0.0', 8000): address already in use
INFO:     Waiting for application shutdown.
INFO:     Application shutdown complete.
INFO:     Started server process [5358]
INFO:     Waiting for application startup.
INFO:     Application startup complete.
ERROR:    [Errno 48] error while attempting to bind on address ('0.0.0.0', 8000): address already in use
INFO:     Waiting for application shutdown.
INFO:     Application shutdown complete.
INFO:     Started server process [5375]
INFO:     Waiting for application startup.
INFO:     Application startup complete.
ERROR:    [Errno 48] error while attempting to bind on address ('0.0.0.0', 8000): address already in use
INFO:     Waiting for application shutdown.
INFO:     Application shutdown complete.
INFO:     Started server process [5392]
INFO:     Waiting for application startup.
INFO:     Application startup complete.
ERROR:    [Errno 48] error while attempting to bind on address ('0.0.0.0', 8000): address already in use
INFO:     Waiting for application shutdown.
INFO:     Application shutdown complete.
INFO:     Started server process [5407]
INFO:     Waiting for application startup.
INFO:     Application startup complete.
ERROR:    [Errno 48] error while attempting to bind on address ('0.0.0.0', 8000): address already in use
INFO:     Waiting for application shutdown.
INFO:     Application shutdown complete.
INFO:     Started server process [5430]
INFO:     Waiting for application startup.
INFO:     Application startup complete.
ERROR:    [Errno 48] error while attempting to bind on address ('0.0.0.0', 8000): address already in use
INFO:     Waiting for application shutdown.
INFO:     Application shutdown complete.
INFO:     Started server process [5446]
INFO:     Waiting for application startup.
INFO:     Application startup complete.
ERROR:    [Errno 48] error while attempting to bind on address ('0.0.0.0', 8000): address already in use
INFO:     Waiting for application shutdown.
INFO:     Application shutdown complete.
INFO:     Started server process [5461]
INFO:     Waiting for application startup.
INFO:     Application startup complete.
ERROR:    [Errno 48] error while attempting to bind on address ('0.0.0.0', 8000): address already in use
INFO:     Waiting for application shutdown.
INFO:     Application shutdown complete.
INFO:     Started server process [5478]
INFO:     Waiting for application startup.
INFO:     Application startup complete.
ERROR:    [Errno 48] error while attempting to bind on address ('0.0.0.0', 8000): address already in use
INFO:     Waiting for application shutdown.
INFO:     Application shutdown complete.
INFO:     Started server process [5494]
INFO:     Waiting for application startup.
INFO:     Application startup complete.
ERROR:    [Errno 48] error while attempting to bind on address ('0.0.0.0', 8000): address already in use
INFO:     Waiting for application shutdown.
INFO:     Application shutdown complete.
INFO:     Started server process [5509]
INFO:     Waiting for application startup.
INFO:     Application startup complete.
ERROR:    [Errno 48] error while attempting to bind on address ('0.0.0.0', 8000): address already in use
INFO:     Waiting for application shutdown.
INFO:     Application shutdown complete.
INFO:     Started server process [5525]
INFO:     Waiting for application startup.
INFO:     Application startup complete.
ERROR:    [Errno 48] error while attempting to bind on address ('0.0.0.0', 8000): address already in use
INFO:     Waiting for application shutdown.
INFO:     Application shutdown complete.
INFO:     Started server process [5541]
INFO:     Waiting for application startup.
INFO:     Application startup complete.
ERROR:    [Errno 48] error while attempting to bind on address ('0.0.0.0', 8000): address already in use
INFO:     Waiting for application shutdown.
INFO:     Application shutdown complete.
INFO:     Started server process [5588]
INFO:     Waiting for application startup.
INFO:     Application startup complete.
ERROR:    [Errno 48] error while attempting to bind on address ('0.0.0.0', 8000): address already in use
INFO:     Waiting for application shutdown.
INFO:     Application shutdown complete.
INFO:     Started server process [5604]
INFO:     Waiting for application startup.
INFO:     Application startup complete.
ERROR:    [Errno 48] error while attempting to bind on address ('0.0.0.0', 8000): address already in use
INFO:     Waiting for application shutdown.
INFO:     Application shutdown complete.
INFO:     Started server process [5620]
INFO:     Waiting for application startup.
INFO:     Application startup complete.
ERROR:    [Errno 48] error while attempting to bind on address ('0.0.0.0', 8000): address already in use
INFO:     Waiting for application shutdown.
INFO:     Application shutdown complete.
INFO:     Started server process [5636]
INFO:     Waiting for application startup.
INFO:     Application startup complete.
ERROR:    [Errno 48] error while attempting to bind on address ('0.0.0.0', 8000): address already in use
INFO:     Waiting for application shutdown.
INFO:     Application shutdown complete.
INFO:     Started server process [5649]
INFO:     Waiting for application startup.
INFO:     Application startup complete.
ERROR:    [Errno 48] error while attempting to bind on address ('0.0.0.0', 8000): address already in use
INFO:     Waiting for application shutdown.
INFO:     Application shutdown complete.
INFO:     Started server process [5665]
INFO:     Waiting for application startup.
INFO:     Application startup complete.
ERROR:    [Errno 48] error while attempting to bind on address ('0.0.0.0', 8000): address already in use
INFO:     Waiting for application shutdown.
INFO:     Application shutdown complete.
INFO:     Started server process [5681]
INFO:     Waiting for application startup.
INFO:     Application startup complete.
ERROR:    [Errno 48] error while attempting to bind on address ('0.0.0.0', 8000): address already in use
INFO:     Waiting for application shutdown.
INFO:     Application shutdown complete.
INFO:     Started server process [5696]
INFO:     Waiting for application startup.
INFO:     Application startup complete.
ERROR:    [Errno 48] error while attempting to bind on address ('0.0.0.0', 8000): address already in use
INFO:     Waiting for application shutdown.
INFO:     Application shutdown complete.
INFO:     Started server process [5712]
INFO:     Waiting for application startup.
INFO:     Application startup complete.
ERROR:    [Errno 48] error while attempting to bind on address ('0.0.0.0', 8000): address already in use
INFO:     Waiting for application shutdown.
INFO:     Application shutdown complete.
INFO:     Started server process [5728]
INFO:     Waiting for application startup.
INFO:     Application startup complete.
ERROR:    [Errno 48] error while attempting to bind on address ('0.0.0.0', 8000): address already in use
INFO:     Waiting for application shutdown.
INFO:     Application shutdown complete.
INFO:     Started server process [5745]
INFO:     Waiting for application startup.
INFO:     Application startup complete.
ERROR:    [Errno 48] error while attempting to bind on address ('0.0.0.0', 8000): address already in use
INFO:     Waiting for application shutdown.
INFO:     Application shutdown complete.
INFO:     Started server process [5754]
INFO:     Waiting for application startup.
INFO:     Application startup complete.
ERROR:    [Errno 48] error while attempting to bind on address ('0.0.0.0', 8000): address already in use
INFO:     Waiting for application shutdown.
INFO:     Application shutdown complete.
INFO:     Started server process [5770]
INFO:     Waiting for application startup.
INFO:     Application startup complete.
ERROR:    [Errno 48] error while attempting to bind on address ('0.0.0.0', 8000): address already in use
INFO:     Waiting for application shutdown.
INFO:     Application shutdown complete.
INFO:     Started server process [5785]
INFO:     Waiting for application startup.
INFO:     Application startup complete.
ERROR:    [Errno 48] error while attempting to bind on address ('0.0.0.0', 8000): address already in use
INFO:     Waiting for application shutdown.
INFO:     Application shutdown complete.
INFO:     Started server process [5801]
INFO:     Waiting for application startup.
INFO:     Application startup complete.
ERROR:    [Errno 48] error while attempting to bind on address ('0.0.0.0', 8000): address already in use
INFO:     Waiting for application shutdown.
INFO:     Application shutdown complete.
INFO:     Started server process [5827]
INFO:     Waiting for application startup.
INFO:     Application startup complete.
ERROR:    [Errno 48] error while attempting to bind on address ('0.0.0.0', 8000): address already in use
INFO:     Waiting for application shutdown.
INFO:     Application shutdown complete.
INFO:     Started server process [5842]
INFO:     Waiting for application startup.
INFO:     Application startup complete.
ERROR:    [Errno 48] error while attempting to bind on address ('0.0.0.0', 8000): address already in use
INFO:     Waiting for application shutdown.
INFO:     Application shutdown complete.
INFO:     Started server process [5858]
INFO:     Waiting for application startup.
INFO:     Application startup complete.
ERROR:    [Errno 48] error while attempting to bind on address ('0.0.0.0', 8000): address already in use
INFO:     Waiting for application shutdown.
INFO:     Application shutdown complete.
INFO:     Started server process [5874]
INFO:     Waiting for application startup.
INFO:     Application startup complete.
ERROR:    [Errno 48] error while attempting to bind on address ('0.0.0.0', 8000): address already in use
INFO:     Waiting for application shutdown.
INFO:     Application shutdown complete.
INFO:     Started server process [5889]
INFO:     Waiting for application startup.
INFO:     Application startup complete.
ERROR:    [Errno 48] error while attempting to bind on address ('0.0.0.0', 8000): address already in use
INFO:     Waiting for application shutdown.
INFO:     Application shutdown complete.
INFO:     Started server process [5905]
INFO:     Waiting for application startup.
INFO:     Application startup complete.
ERROR:    [Errno 48] error while attempting to bind on address ('0.0.0.0', 8000): address already in use
INFO:     Waiting for application shutdown.
INFO:     Application shutdown complete.
INFO:     Started server process [5921]
INFO:     Waiting for application startup.
INFO:     Application startup complete.
ERROR:    [Errno 48] error while attempting to bind on address ('0.0.0.0', 8000): address already in use
INFO:     Waiting for application shutdown.
INFO:     Application shutdown complete.
INFO:     Started server process [5944]
INFO:     Waiting for application startup.
INFO:     Application startup complete.
ERROR:    [Errno 48] error while attempting to bind on address ('0.0.0.0', 8000): address already in use
INFO:     Waiting for application shutdown.
INFO:     Application shutdown complete.
INFO:     Started server process [5959]
INFO:     Waiting for application startup.
INFO:     Application startup complete.
ERROR:    [Errno 48] error while attempting to bind on address ('0.0.0.0', 8000): address already in use
INFO:     Waiting for application shutdown.
INFO:     Application shutdown complete.
INFO:     Started server process [5976]
INFO:     Waiting for application startup.
INFO:     Application startup complete.
ERROR:    [Errno 48] error while attempting to bind on address ('0.0.0.0', 8000): address already in use
INFO:     Waiting for application shutdown.
INFO:     Application shutdown complete.
INFO:     Started server process [5992]
INFO:     Waiting for application startup.
INFO:     Application startup complete.
ERROR:    [Errno 48] error while attempting to bind on address ('0.0.0.0', 8000): address already in use
INFO:     Waiting for application shutdown.
INFO:     Application shutdown complete.
INFO:     Started server process [6007]
INFO:     Waiting for application startup.
INFO:     Application startup complete.
ERROR:    [Errno 48] error while attempting to bind on address ('0.0.0.0', 8000): address already in use
INFO:     Waiting for application shutdown.
INFO:     Application shutdown complete.
INFO:     Started server process [6024]
INFO:     Waiting for application startup.
INFO:     Application startup complete.
ERROR:    [Errno 48] error while attempting to bind on address ('0.0.0.0', 8000): address already in use
INFO:     Waiting for application shutdown.
INFO:     Application shutdown complete.
INFO:     Started server process [6040]
INFO:     Waiting for application startup.
INFO:     Application startup complete.
ERROR:    [Errno 48] error while attempting to bind on address ('0.0.0.0', 8000): address already in use
INFO:     Waiting for application shutdown.
INFO:     Application shutdown complete.
INFO:     Started server process [6071]
INFO:     Waiting for application startup.
INFO:     Application startup complete.
ERROR:    [Errno 48] error while attempting to bind on address ('0.0.0.0', 8000): address already in use
INFO:     Waiting for application shutdown.
INFO:     Application shutdown complete.
INFO:     Started server process [6103]
INFO:     Waiting for application startup.
INFO:     Application startup complete.
ERROR:    [Errno 48] error while attempting to bind on address ('0.0.0.0', 8000): address already in use
INFO:     Waiting for application shutdown.
INFO:     Application shutdown complete.
INFO:     Started server process [6120]
INFO:     Waiting for application startup.
INFO:     Application startup complete.
ERROR:    [Errno 48] error while attempting to bind on address ('0.0.0.0', 8000): address already in use
INFO:     Waiting for application shutdown.
INFO:     Application shutdown complete.
INFO:     Started server process [6135]
INFO:     Waiting for application startup.
INFO:     Application startup complete.
ERROR:    [Errno 48] error while attempting to bind on address ('0.0.0.0', 8000): address already in use
INFO:     Waiting for application shutdown.
INFO:     Application shutdown complete.
INFO:     Started server process [6151]
INFO:     Waiting for application startup.
INFO:     Application startup complete.
ERROR:    [Errno 48] error while attempting to bind on address ('0.0.0.0', 8000): address already in use
INFO:     Waiting for application shutdown.
INFO:     Application shutdown complete.
INFO:     Started server process [6167]
INFO:     Waiting for application startup.
INFO:     Application startup complete.
ERROR:    [Errno 48] error while attempting to bind on address ('0.0.0.0', 8000): address already in use
INFO:     Waiting for application shutdown.
INFO:     Application shutdown complete.
INFO:     Started server process [6182]
INFO:     Waiting for application startup.
INFO:     Application startup complete.
ERROR:    [Errno 48] error while attempting to bind on address ('0.0.0.0', 8000): address already in use
INFO:     Waiting for application shutdown.
INFO:     Application shutdown complete.
INFO:     Started server process [6198]
INFO:     Waiting for application startup.
INFO:     Application startup complete.
ERROR:    [Errno 48] error while attempting to bind on address ('0.0.0.0', 8000): address already in use
INFO:     Waiting for application shutdown.
INFO:     Application shutdown complete.
INFO:     Started server process [6214]
INFO:     Waiting for application startup.
INFO:     Application startup complete.
ERROR:    [Errno 48] error while attempting to bind on address ('0.0.0.0', 8000): address already in use
INFO:     Waiting for application shutdown.
INFO:     Application shutdown complete.
INFO:     Started server process [6230]
INFO:     Waiting for application startup.
INFO:     Application startup complete.
ERROR:    [Errno 48] error while attempting to bind on address ('0.0.0.0', 8000): address already in use
INFO:     Waiting for application shutdown.
INFO:     Application shutdown complete.
INFO:     Started server process [6246]
INFO:     Waiting for application startup.
INFO:     Application startup complete.
ERROR:    [Errno 48] error while attempting to bind on address ('0.0.0.0', 8000): address already in use
INFO:     Waiting for application shutdown.
INFO:     Application shutdown complete.
INFO:     Started server process [6259]
INFO:     Waiting for application startup.
INFO:     Application startup complete.
ERROR:    [Errno 48] error while attempting to bind on address ('0.0.0.0', 8000): address already in use
INFO:     Waiting for application shutdown.
INFO:     Application shutdown complete.
INFO:     Started server process [6275]
INFO:     Waiting for application startup.
INFO:     Application startup complete.
ERROR:    [Errno 48] error while attempting to bind on address ('0.0.0.0', 8000): address already in use
INFO:     Waiting for application shutdown.
INFO:     Application shutdown complete.
INFO:     Started server process [6290]
INFO:     Waiting for application startup.
INFO:     Application startup complete.
ERROR:    [Errno 48] error while attempting to bind on address ('0.0.0.0', 8000): address already in use
INFO:     Waiting for application shutdown.
INFO:     Application shutdown complete.
INFO:     Started server process [6306]
INFO:     Waiting for application startup.
INFO:     Application startup complete.
ERROR:    [Errno 48] error while attempting to bind on address ('0.0.0.0', 8000): address already in use
INFO:     Waiting for application shutdown.
INFO:     Application shutdown complete.
INFO:     Started server process [6322]
INFO:     Waiting for application startup.
INFO:     Application startup complete.
ERROR:    [Errno 48] error while attempting to bind on address ('0.0.0.0', 8000): address already in use
INFO:     Waiting for application shutdown.
INFO:     Application shutdown complete.
INFO:     Started server process [6336]
INFO:     Waiting for application startup.
INFO:     Application startup complete.
ERROR:    [Errno 48] error while attempting to bind on address ('0.0.0.0', 8000): address already in use
INFO:     Waiting for application shutdown.
INFO:     Application shutdown complete.
INFO:     Started server process [6354]
INFO:     Waiting for application startup.
INFO:     Application startup complete.
ERROR:    [Errno 48] error while attempting to bind on address ('0.0.0.0', 8000): address already in use
INFO:     Waiting for application shutdown.
INFO:     Application shutdown complete.
INFO:     Started server process [6370]
INFO:     Waiting for application startup.
INFO:     Application startup complete.
ERROR:    [Errno 48] error while attempting to bind on address ('0.0.0.0', 8000): address already in use
INFO:     Waiting for application shutdown.
INFO:     Application shutdown complete.
INFO:     Started server process [6385]
INFO:     Waiting for application startup.
INFO:     Application startup complete.
ERROR:    [Errno 48] error while attempting to bind on address ('0.0.0.0', 8000): address already in use
INFO:     Waiting for application shutdown.
INFO:     Application shutdown complete.
INFO:     Started server process [6401]
INFO:     Waiting for application startup.
INFO:     Application startup complete.
ERROR:    [Errno 48] error while attempting to bind on address ('0.0.0.0', 8000): address already in use
INFO:     Waiting for application shutdown.
INFO:     Application shutdown complete.
INFO:     Started server process [6418]
INFO:     Waiting for application startup.
INFO:     Application startup complete.
ERROR:    [Errno 48] error while attempting to bind on address ('0.0.0.0', 8000): address already in use
INFO:     Waiting for application shutdown.
INFO:     Application shutdown complete.
INFO:     Started server process [6433]
INFO:     Waiting for application startup.
INFO:     Application startup complete.
ERROR:    [Errno 48] error while attempting to bind on address ('0.0.0.0', 8000): address already in use
INFO:     Waiting for application shutdown.
INFO:     Application shutdown complete.
INFO:     Started server process [6456]
INFO:     Waiting for application startup.
INFO:     Application startup complete.
ERROR:    [Errno 48] error while attempting to bind on address ('0.0.0.0', 8000): address already in use
INFO:     Waiting for application shutdown.
INFO:     Application shutdown complete.
INFO:     Started server process [6472]
INFO:     Waiting for application startup.
INFO:     Application startup complete.
ERROR:    [Errno 48] error while attempting to bind on address ('0.0.0.0', 8000): address already in use
INFO:     Waiting for application shutdown.
INFO:     Application shutdown complete.
INFO:     Started server process [6488]
INFO:     Waiting for application startup.
INFO:     Application startup complete.
ERROR:    [Errno 48] error while attempting to bind on address ('0.0.0.0', 8000): address already in use
INFO:     Waiting for application shutdown.
INFO:     Application shutdown complete.
INFO:     Started server process [6503]
INFO:     Waiting for application startup.
INFO:     Application startup complete.
ERROR:    [Errno 48] error while attempting to bind on address ('0.0.0.0', 8000): address already in use
INFO:     Waiting for application shutdown.
INFO:     Application shutdown complete.
INFO:     Started server process [6519]
INFO:     Waiting for application startup.
INFO:     Application startup complete.
ERROR:    [Errno 48] error while attempting to bind on address ('0.0.0.0', 8000): address already in use
INFO:     Waiting for application shutdown.
INFO:     Application shutdown complete.
INFO:     Started server process [6535]
INFO:     Waiting for application startup.
INFO:     Application startup complete.
ERROR:    [Errno 48] error while attempting to bind on address ('0.0.0.0', 8000): address already in use
INFO:     Waiting for application shutdown.
INFO:     Application shutdown complete.
INFO:     Started server process [6550]
INFO:     Waiting for application startup.
INFO:     Application startup complete.
ERROR:    [Errno 48] error while attempting to bind on address ('0.0.0.0', 8000): address already in use
INFO:     Waiting for application shutdown.
INFO:     Application shutdown complete.
INFO:     Started server process [6599]
INFO:     Waiting for application startup.
INFO:     Application startup complete.
ERROR:    [Errno 48] error while attempting to bind on address ('0.0.0.0', 8000): address already in use
INFO:     Waiting for application shutdown.
INFO:     Application shutdown complete.
INFO:     Started server process [6615]
INFO:     Waiting for application startup.
INFO:     Application startup complete.
ERROR:    [Errno 48] error while attempting to bind on address ('0.0.0.0', 8000): address already in use
INFO:     Waiting for application shutdown.
INFO:     Application shutdown complete.
INFO:     Started server process [6630]
INFO:     Waiting for application startup.
INFO:     Application startup complete.
ERROR:    [Errno 48] error while attempting to bind on address ('0.0.0.0', 8000): address already in use
INFO:     Waiting for application shutdown.
INFO:     Application shutdown complete.
INFO:     Started server process [6647]
INFO:     Waiting for application startup.
INFO:     Application startup complete.
ERROR:    [Errno 48] error while attempting to bind on address ('0.0.0.0', 8000): address already in use
INFO:     Waiting for application shutdown.
INFO:     Application shutdown complete.
INFO:     Started server process [6663]
INFO:     Waiting for application startup.
INFO:     Application startup complete.
ERROR:    [Errno 48] error while attempting to bind on address ('0.0.0.0', 8000): address already in use
INFO:     Waiting for application shutdown.
INFO:     Application shutdown complete.
INFO:     Started server process [6678]
INFO:     Waiting for application startup.
INFO:     Application startup complete.
ERROR:    [Errno 48] error while attempting to bind on address ('0.0.0.0', 8000): address already in use
INFO:     Waiting for application shutdown.
INFO:     Application shutdown complete.
INFO:     Started server process [6694]
INFO:     Waiting for application startup.
INFO:     Application startup complete.
ERROR:    [Errno 48] error while attempting to bind on address ('0.0.0.0', 8000): address already in use
INFO:     Waiting for application shutdown.
INFO:     Application shutdown complete.
INFO:     Started server process [6710]
INFO:     Waiting for application startup.
INFO:     Application startup complete.
ERROR:    [Errno 48] error while attempting to bind on address ('0.0.0.0', 8000): address already in use
INFO:     Waiting for application shutdown.
INFO:     Application shutdown complete.
INFO:     Started server process [6725]
INFO:     Waiting for application startup.
INFO:     Application startup complete.
ERROR:    [Errno 48] error while attempting to bind on address ('0.0.0.0', 8000): address already in use
INFO:     Waiting for application shutdown.
INFO:     Application shutdown complete.
INFO:     Started server process [6741]
INFO:     Waiting for application startup.
INFO:     Application startup complete.
ERROR:    [Errno 48] error while attempting to bind on address ('0.0.0.0', 8000): address already in use
INFO:     Waiting for application shutdown.
INFO:     Application shutdown complete.
INFO:     Started server process [6757]
INFO:     Waiting for application startup.
INFO:     Application startup complete.
ERROR:    [Errno 48] error while attempting to bind on address ('0.0.0.0', 8000): address already in use
INFO:     Waiting for application shutdown.
INFO:     Application shutdown complete.
INFO:     Started server process [6773]
INFO:     Waiting for application startup.
INFO:     Application startup complete.
ERROR:    [Errno 48] error while attempting to bind on address ('0.0.0.0', 8000): address already in use
INFO:     Waiting for application shutdown.
INFO:     Application shutdown complete.
INFO:     Started server process [6788]
INFO:     Waiting for application startup.
INFO:     Application startup complete.
ERROR:    [Errno 48] error while attempting to bind on address ('0.0.0.0', 8000): address already in use
INFO:     Waiting for application shutdown.
INFO:     Application shutdown complete.
INFO:     Started server process [6804]
INFO:     Waiting for application startup.
INFO:     Application startup complete.
ERROR:    [Errno 48] error while attempting to bind on address ('0.0.0.0', 8000): address already in use
INFO:     Waiting for application shutdown.
INFO:     Application shutdown complete.
INFO:     Started server process [6820]
INFO:     Waiting for application startup.
INFO:     Application startup complete.
ERROR:    [Errno 48] error while attempting to bind on address ('0.0.0.0', 8000): address already in use
INFO:     Waiting for application shutdown.
INFO:     Application shutdown complete.
INFO:     Started server process [6836]
INFO:     Waiting for application startup.
INFO:     Application startup complete.
ERROR:    [Errno 48] error while attempting to bind on address ('0.0.0.0', 8000): address already in use
INFO:     Waiting for application shutdown.
INFO:     Application shutdown complete.
INFO:     Started server process [6849]
INFO:     Waiting for application startup.
INFO:     Application startup complete.
ERROR:    [Errno 48] error while attempting to bind on address ('0.0.0.0', 8000): address already in use
INFO:     Waiting for application shutdown.
INFO:     Application shutdown complete.
INFO:     Started server process [6874]
INFO:     Waiting for application startup.
INFO:     Application startup complete.
ERROR:    [Errno 48] error while attempting to bind on address ('0.0.0.0', 8000): address already in use
INFO:     Waiting for application shutdown.
INFO:     Application shutdown complete.
INFO:     Started server process [6889]
INFO:     Waiting for application startup.
INFO:     Application startup complete.
ERROR:    [Errno 48] error while attempting to bind on address ('0.0.0.0', 8000): address already in use
INFO:     Waiting for application shutdown.
INFO:     Application shutdown complete.
INFO:     Started server process [6905]
INFO:     Waiting for application startup.
INFO:     Application startup complete.
ERROR:    [Errno 48] error while attempting to bind on address ('0.0.0.0', 8000): address already in use
INFO:     Waiting for application shutdown.
INFO:     Application shutdown complete.
INFO:     Started server process [6921]
INFO:     Waiting for application startup.
INFO:     Application startup complete.
ERROR:    [Errno 48] error while attempting to bind on address ('0.0.0.0', 8000): address already in use
INFO:     Waiting for application shutdown.
INFO:     Application shutdown complete.
INFO:     Started server process [6935]
INFO:     Waiting for application startup.
INFO:     Application startup complete.
ERROR:    [Errno 48] error while attempting to bind on address ('0.0.0.0', 8000): address already in use
INFO:     Waiting for application shutdown.
INFO:     Application shutdown complete.
INFO:     Started server process [6949]
INFO:     Waiting for application startup.
INFO:     Application startup complete.
ERROR:    [Errno 48] error while attempting to bind on address ('0.0.0.0', 8000): address already in use
INFO:     Waiting for application shutdown.
INFO:     Application shutdown complete.
INFO:     Started server process [6967]
INFO:     Waiting for application startup.
INFO:     Application startup complete.
ERROR:    [Errno 48] error while attempting to bind on address ('0.0.0.0', 8000): address already in use
INFO:     Waiting for application shutdown.
INFO:     Application shutdown complete.
INFO:     Started server process [6982]
INFO:     Waiting for application startup.
INFO:     Application startup complete.
ERROR:    [Errno 48] error while attempting to bind on address ('0.0.0.0', 8000): address already in use
INFO:     Waiting for application shutdown.
INFO:     Application shutdown complete.
INFO:     Started server process [6998]
INFO:     Waiting for application startup.
INFO:     Application startup complete.
ERROR:    [Errno 48] error while attempting to bind on address ('0.0.0.0', 8000): address already in use
INFO:     Waiting for application shutdown.
INFO:     Application shutdown complete.
INFO:     Started server process [7015]
INFO:     Waiting for application startup.
INFO:     Application startup complete.
ERROR:    [Errno 48] error while attempting to bind on address ('0.0.0.0', 8000): address already in use
INFO:     Waiting for application shutdown.
INFO:     Application shutdown complete.
INFO:     Started server process [7031]
INFO:     Waiting for application startup.
INFO:     Application startup complete.
ERROR:    [Errno 48] error while attempting to bind on address ('0.0.0.0', 8000): address already in use
INFO:     Waiting for application shutdown.
INFO:     Application shutdown complete.
INFO:     Started server process [7046]
INFO:     Waiting for application startup.
INFO:     Application startup complete.
ERROR:    [Errno 48] error while attempting to bind on address ('0.0.0.0', 8000): address already in use
INFO:     Waiting for application shutdown.
INFO:     Application shutdown complete.
INFO:     Started server process [7094]
INFO:     Waiting for application startup.
INFO:     Application startup complete.
ERROR:    [Errno 48] error while attempting to bind on address ('0.0.0.0', 8000): address already in use
INFO:     Waiting for application shutdown.
INFO:     Application shutdown complete.
INFO:     Started server process [7110]
INFO:     Waiting for application startup.
INFO:     Application startup complete.
ERROR:    [Errno 48] error while attempting to bind on address ('0.0.0.0', 8000): address already in use
INFO:     Waiting for application shutdown.
INFO:     Application shutdown complete.
INFO:     Started server process [7125]
INFO:     Waiting for application startup.
INFO:     Application startup complete.
ERROR:    [Errno 48] error while attempting to bind on address ('0.0.0.0', 8000): address already in use
INFO:     Waiting for application shutdown.
INFO:     Application shutdown complete.
INFO:     Started server process [7141]
INFO:     Waiting for application startup.
INFO:     Application startup complete.
ERROR:    [Errno 48] error while attempting to bind on address ('0.0.0.0', 8000): address already in use
INFO:     Waiting for application shutdown.
INFO:     Application shutdown complete.
INFO:     Started server process [7157]
INFO:     Waiting for application startup.
INFO:     Application startup complete.
ERROR:    [Errno 48] error while attempting to bind on address ('0.0.0.0', 8000): address already in use
INFO:     Waiting for application shutdown.
INFO:     Application shutdown complete.
INFO:     Started server process [7172]
INFO:     Waiting for application startup.
INFO:     Application startup complete.
ERROR:    [Errno 48] error while attempting to bind on address ('0.0.0.0', 8000): address already in use
INFO:     Waiting for application shutdown.
INFO:     Application shutdown complete.
INFO:     Started server process [7189]
INFO:     Waiting for application startup.
INFO:     Application startup complete.
ERROR:    [Errno 48] error while attempting to bind on address ('0.0.0.0', 8000): address already in use
INFO:     Waiting for application shutdown.
INFO:     Application shutdown complete.
INFO:     Started server process [7205]
INFO:     Waiting for application startup.
INFO:     Application startup complete.
ERROR:    [Errno 48] error while attempting to bind on address ('0.0.0.0', 8000): address already in use
INFO:     Waiting for application shutdown.
INFO:     Application shutdown complete.
INFO:     Started server process [7220]
INFO:     Waiting for application startup.
INFO:     Application startup complete.
ERROR:    [Errno 48] error while attempting to bind on address ('0.0.0.0', 8000): address already in use
INFO:     Waiting for application shutdown.
INFO:     Application shutdown complete.
INFO:     Started server process [7237]
INFO:     Waiting for application startup.
INFO:     Application startup complete.
ERROR:    [Errno 48] error while attempting to bind on address ('0.0.0.0', 8000): address already in use
INFO:     Waiting for application shutdown.
INFO:     Application shutdown complete.
INFO:     Started server process [7253]
INFO:     Waiting for application startup.
INFO:     Application startup complete.
ERROR:    [Errno 48] error while attempting to bind on address ('0.0.0.0', 8000): address already in use
INFO:     Waiting for application shutdown.
INFO:     Application shutdown complete.
INFO:     Started server process [7268]
INFO:     Waiting for application startup.
INFO:     Application startup complete.
ERROR:    [Errno 48] error while attempting to bind on address ('0.0.0.0', 8000): address already in use
INFO:     Waiting for application shutdown.
INFO:     Application shutdown complete.
INFO:     Started server process [7284]
INFO:     Waiting for application startup.
INFO:     Application startup complete.
ERROR:    [Errno 48] error while attempting to bind on address ('0.0.0.0', 8000): address already in use
INFO:     Waiting for application shutdown.
INFO:     Application shutdown complete.
INFO:     Started server process [7300]
INFO:     Waiting for application startup.
INFO:     Application startup complete.
ERROR:    [Errno 48] error while attempting to bind on address ('0.0.0.0', 8000): address already in use
INFO:     Waiting for application shutdown.
INFO:     Application shutdown complete.
INFO:     Started server process [7316]
INFO:     Waiting for application startup.
INFO:     Application startup complete.
ERROR:    [Errno 48] error while attempting to bind on address ('0.0.0.0', 8000): address already in use
INFO:     Waiting for application shutdown.
INFO:     Application shutdown complete.
INFO:     Started server process [7331]
INFO:     Waiting for application startup.
INFO:     Application startup complete.
ERROR:    [Errno 48] error while attempting to bind on address ('0.0.0.0', 8000): address already in use
INFO:     Waiting for application shutdown.
INFO:     Application shutdown complete.
INFO:     Started server process [7347]
INFO:     Waiting for application startup.
INFO:     Application startup complete.
ERROR:    [Errno 48] error while attempting to bind on address ('0.0.0.0', 8000): address already in use
INFO:     Waiting for application shutdown.
INFO:     Application shutdown complete.
INFO:     Started server process [7363]
INFO:     Waiting for application startup.
INFO:     Application startup complete.
ERROR:    [Errno 48] error while attempting to bind on address ('0.0.0.0', 8000): address already in use
INFO:     Waiting for application shutdown.
INFO:     Application shutdown complete.
INFO:     Started server process [7388]
INFO:     Waiting for application startup.
INFO:     Application startup complete.
ERROR:    [Errno 48] error while attempting to bind on address ('0.0.0.0', 8000): address already in use
INFO:     Waiting for application shutdown.
INFO:     Application shutdown complete.
INFO:     Started server process [7404]
INFO:     Waiting for application startup.
INFO:     Application startup complete.
ERROR:    [Errno 48] error while attempting to bind on address ('0.0.0.0', 8000): address already in use
INFO:     Waiting for application shutdown.
INFO:     Application shutdown complete.
INFO:     Started server process [7421]
INFO:     Waiting for application startup.
INFO:     Application startup complete.
ERROR:    [Errno 48] error while attempting to bind on address ('0.0.0.0', 8000): address already in use
INFO:     Waiting for application shutdown.
INFO:     Application shutdown complete.
INFO:     Started server process [7436]
INFO:     Waiting for application startup.
INFO:     Application startup complete.
ERROR:    [Errno 48] error while attempting to bind on address ('0.0.0.0', 8000): address already in use
INFO:     Waiting for application shutdown.
INFO:     Application shutdown complete.
INFO:     Started server process [7452]
INFO:     Waiting for application startup.
INFO:     Application startup complete.
ERROR:    [Errno 48] error while attempting to bind on address ('0.0.0.0', 8000): address already in use
INFO:     Waiting for application shutdown.
INFO:     Application shutdown complete.
INFO:     Started server process [7484]
INFO:     Waiting for application startup.
INFO:     Application startup complete.
ERROR:    [Errno 48] error while attempting to bind on address ('0.0.0.0', 8000): address already in use
INFO:     Waiting for application shutdown.
INFO:     Application shutdown complete.
INFO:     Started server process [7503]
INFO:     Waiting for application startup.
INFO:     Application startup complete.
ERROR:    [Errno 48] error while attempting to bind on address ('0.0.0.0', 8000): address already in use
INFO:     Waiting for application shutdown.
INFO:     Application shutdown complete.
INFO:     Started server process [7519]
INFO:     Waiting for application startup.
INFO:     Application startup complete.
ERROR:    [Errno 48] error while attempting to bind on address ('0.0.0.0', 8000): address already in use
INFO:     Waiting for application shutdown.
INFO:     Application shutdown complete.
INFO:     Started server process [7537]
INFO:     Waiting for application startup.
INFO:     Application startup complete.
ERROR:    [Errno 48] error while attempting to bind on address ('0.0.0.0', 8000): address already in use
INFO:     Waiting for application shutdown.
INFO:     Application shutdown complete.
INFO:     Started server process [7552]
INFO:     Waiting for application startup.
INFO:     Application startup complete.
ERROR:    [Errno 48] error while attempting to bind on address ('0.0.0.0', 8000): address already in use
INFO:     Waiting for application shutdown.
INFO:     Application shutdown complete.
INFO:     Started server process [7567]
INFO:     Waiting for application startup.
INFO:     Application startup complete.
ERROR:    [Errno 48] error while attempting to bind on address ('0.0.0.0', 8000): address already in use
INFO:     Waiting for application shutdown.
INFO:     Application shutdown complete.
INFO:     Started server process [7614]
INFO:     Waiting for application startup.
INFO:     Application startup complete.
ERROR:    [Errno 48] error while attempting to bind on address ('0.0.0.0', 8000): address already in use
INFO:     Waiting for application shutdown.
INFO:     Application shutdown complete.
INFO:     Started server process [7624]
INFO:     Waiting for application startup.
INFO:     Application startup complete.
ERROR:    [Errno 48] error while attempting to bind on address ('0.0.0.0', 8000): address already in use
INFO:     Waiting for application shutdown.
INFO:     Application shutdown complete.
INFO:     Started server process [7639]
INFO:     Waiting for application startup.
INFO:     Application startup complete.
ERROR:    [Errno 48] error while attempting to bind on address ('0.0.0.0', 8000): address already in use
INFO:     Waiting for application shutdown.
INFO:     Application shutdown complete.
INFO:     Started server process [7656]
INFO:     Waiting for application startup.
INFO:     Application startup complete.
ERROR:    [Errno 48] error while attempting to bind on address ('0.0.0.0', 8000): address already in use
INFO:     Waiting for application shutdown.
INFO:     Application shutdown complete.
INFO:     Started server process [7672]
INFO:     Waiting for application startup.
INFO:     Application startup complete.
ERROR:    [Errno 48] error while attempting to bind on address ('0.0.0.0', 8000): address already in use
INFO:     Waiting for application shutdown.
INFO:     Application shutdown complete.
INFO:     Started server process [7687]
INFO:     Waiting for application startup.
INFO:     Application startup complete.
ERROR:    [Errno 48] error while attempting to bind on address ('0.0.0.0', 8000): address already in use
INFO:     Waiting for application shutdown.
INFO:     Application shutdown complete.
INFO:     Started server process [7703]
INFO:     Waiting for application startup.
INFO:     Application startup complete.
ERROR:    [Errno 48] error while attempting to bind on address ('0.0.0.0', 8000): address already in use
INFO:     Waiting for application shutdown.
INFO:     Application shutdown complete.
INFO:     Started server process [7720]
INFO:     Waiting for application startup.
INFO:     Application startup complete.
ERROR:    [Errno 48] error while attempting to bind on address ('0.0.0.0', 8000): address already in use
INFO:     Waiting for application shutdown.
INFO:     Application shutdown complete.
INFO:     Started server process [7735]
INFO:     Waiting for application startup.
INFO:     Application startup complete.
ERROR:    [Errno 48] error while attempting to bind on address ('0.0.0.0', 8000): address already in use
INFO:     Waiting for application shutdown.
INFO:     Application shutdown complete.
INFO:     Started server process [7751]
INFO:     Waiting for application startup.
INFO:     Application startup complete.
ERROR:    [Errno 48] error while attempting to bind on address ('0.0.0.0', 8000): address already in use
INFO:     Waiting for application shutdown.
INFO:     Application shutdown complete.
INFO:     Started server process [7765]
INFO:     Waiting for application startup.
INFO:     Application startup complete.
ERROR:    [Errno 48] error while attempting to bind on address ('0.0.0.0', 8000): address already in use
INFO:     Waiting for application shutdown.
INFO:     Application shutdown complete.
INFO:     Started server process [7781]
INFO:     Waiting for application startup.
INFO:     Application startup complete.
ERROR:    [Errno 48] error while attempting to bind on address ('0.0.0.0', 8000): address already in use
INFO:     Waiting for application shutdown.
INFO:     Application shutdown complete.
INFO:     Started server process [7797]
INFO:     Waiting for application startup.
INFO:     Application startup complete.
ERROR:    [Errno 48] error while attempting to bind on address ('0.0.0.0', 8000): address already in use
INFO:     Waiting for application shutdown.
INFO:     Application shutdown complete.
INFO:     Started server process [7813]
INFO:     Waiting for application startup.
INFO:     Application startup complete.
ERROR:    [Errno 48] error while attempting to bind on address ('0.0.0.0', 8000): address already in use
INFO:     Waiting for application shutdown.
INFO:     Application shutdown complete.
INFO:     Started server process [7828]
INFO:     Waiting for application startup.
INFO:     Application startup complete.
ERROR:    [Errno 48] error while attempting to bind on address ('0.0.0.0', 8000): address already in use
INFO:     Waiting for application shutdown.
INFO:     Application shutdown complete.
INFO:     Started server process [7845]
INFO:     Waiting for application startup.
INFO:     Application startup complete.
ERROR:    [Errno 48] error while attempting to bind on address ('0.0.0.0', 8000): address already in use
INFO:     Waiting for application shutdown.
INFO:     Application shutdown complete.
INFO:     Started server process [7861]
INFO:     Waiting for application startup.
INFO:     Application startup complete.
ERROR:    [Errno 48] error while attempting to bind on address ('0.0.0.0', 8000): address already in use
INFO:     Waiting for application shutdown.
INFO:     Application shutdown complete.
INFO:     Started server process [7877]
INFO:     Waiting for application startup.
INFO:     Application startup complete.
ERROR:    [Errno 48] error while attempting to bind on address ('0.0.0.0', 8000): address already in use
INFO:     Waiting for application shutdown.
INFO:     Application shutdown complete.
INFO:     Started server process [7892]
INFO:     Waiting for application startup.
INFO:     Application startup complete.
ERROR:    [Errno 48] error while attempting to bind on address ('0.0.0.0', 8000): address already in use
INFO:     Waiting for application shutdown.
INFO:     Application shutdown complete.
INFO:     Started server process [7924]
INFO:     Waiting for application startup.
INFO:     Application startup complete.
ERROR:    [Errno 48] error while attempting to bind on address ('0.0.0.0', 8000): address already in use
INFO:     Waiting for application shutdown.
INFO:     Application shutdown complete.
INFO:     Started server process [7940]
INFO:     Waiting for application startup.
INFO:     Application startup complete.
ERROR:    [Errno 48] error while attempting to bind on address ('0.0.0.0', 8000): address already in use
INFO:     Waiting for application shutdown.
INFO:     Application shutdown complete.
INFO:     Started server process [7955]
INFO:     Waiting for application startup.
INFO:     Application startup complete.
ERROR:    [Errno 48] error while attempting to bind on address ('0.0.0.0', 8000): address already in use
INFO:     Waiting for application shutdown.
INFO:     Application shutdown complete.
INFO:     Started server process [7971]
INFO:     Waiting for application startup.
INFO:     Application startup complete.
ERROR:    [Errno 48] error while attempting to bind on address ('0.0.0.0', 8000): address already in use
INFO:     Waiting for application shutdown.
INFO:     Application shutdown complete.
INFO:     Started server process [7987]
INFO:     Waiting for application startup.
INFO:     Application startup complete.
ERROR:    [Errno 48] error while attempting to bind on address ('0.0.0.0', 8000): address already in use
INFO:     Waiting for application shutdown.
INFO:     Application shutdown complete.
INFO:     Started server process [8002]
INFO:     Waiting for application startup.
INFO:     Application startup complete.
ERROR:    [Errno 48] error while attempting to bind on address ('0.0.0.0', 8000): address already in use
INFO:     Waiting for application shutdown.
INFO:     Application shutdown complete.
INFO:     Started server process [8026]
INFO:     Waiting for application startup.
INFO:     Application startup complete.
ERROR:    [Errno 48] error while attempting to bind on address ('0.0.0.0', 8000): address already in use
INFO:     Waiting for application shutdown.
INFO:     Application shutdown complete.
INFO:     Started server process [8043]
INFO:     Waiting for application startup.
INFO:     Application startup complete.
ERROR:    [Errno 48] error while attempting to bind on address ('0.0.0.0', 8000): address already in use
INFO:     Waiting for application shutdown.
INFO:     Application shutdown complete.
INFO:     Started server process [8058]
INFO:     Waiting for application startup.
INFO:     Application startup complete.
ERROR:    [Errno 48] error while attempting to bind on address ('0.0.0.0', 8000): address already in use
INFO:     Waiting for application shutdown.
INFO:     Application shutdown complete.
INFO:     Started server process [8074]
INFO:     Waiting for application startup.
INFO:     Application startup complete.
ERROR:    [Errno 48] error while attempting to bind on address ('0.0.0.0', 8000): address already in use
INFO:     Waiting for application shutdown.
INFO:     Application shutdown complete.
INFO:     Started server process [8122]
INFO:     Waiting for application startup.
INFO:     Application startup complete.
ERROR:    [Errno 48] error while attempting to bind on address ('0.0.0.0', 8000): address already in use
INFO:     Waiting for application shutdown.
INFO:     Application shutdown complete.
INFO:     Started server process [8134]
INFO:     Waiting for application startup.
INFO:     Application startup complete.
ERROR:    [Errno 48] error while attempting to bind on address ('0.0.0.0', 8000): address already in use
INFO:     Waiting for application shutdown.
INFO:     Application shutdown complete.
INFO:     Started server process [8150]
INFO:     Waiting for application startup.
INFO:     Application startup complete.
ERROR:    [Errno 48] error while attempting to bind on address ('0.0.0.0', 8000): address already in use
INFO:     Waiting for application shutdown.
INFO:     Application shutdown complete.
INFO:     Started server process [8166]
INFO:     Waiting for application startup.
INFO:     Application startup complete.
ERROR:    [Errno 48] error while attempting to bind on address ('0.0.0.0', 8000): address already in use
INFO:     Waiting for application shutdown.
INFO:     Application shutdown complete.
INFO:     Started server process [8181]
INFO:     Waiting for application startup.
INFO:     Application startup complete.
ERROR:    [Errno 48] error while attempting to bind on address ('0.0.0.0', 8000): address already in use
INFO:     Waiting for application shutdown.
INFO:     Application shutdown complete.
INFO:     Started server process [8197]
INFO:     Waiting for application startup.
INFO:     Application startup complete.
ERROR:    [Errno 48] error while attempting to bind on address ('0.0.0.0', 8000): address already in use
INFO:     Waiting for application shutdown.
INFO:     Application shutdown complete.
INFO:     Started server process [8212]
INFO:     Waiting for application startup.
INFO:     Application startup complete.
ERROR:    [Errno 48] error while attempting to bind on address ('0.0.0.0', 8000): address already in use
INFO:     Waiting for application shutdown.
INFO:     Application shutdown complete.
INFO:     Started server process [8226]
INFO:     Waiting for application startup.
INFO:     Application startup complete.
ERROR:    [Errno 48] error while attempting to bind on address ('0.0.0.0', 8000): address already in use
INFO:     Waiting for application shutdown.
INFO:     Application shutdown complete.
INFO:     Started server process [8236]
INFO:     Waiting for application startup.
INFO:     Application startup complete.
ERROR:    [Errno 48] error while attempting to bind on address ('0.0.0.0', 8000): address already in use
INFO:     Waiting for application shutdown.
INFO:     Application shutdown complete.
INFO:     Started server process [8253]
INFO:     Waiting for application startup.
INFO:     Application startup complete.
ERROR:    [Errno 48] error while attempting to bind on address ('0.0.0.0', 8000): address already in use
INFO:     Waiting for application shutdown.
INFO:     Application shutdown complete.
INFO:     Started server process [8269]
INFO:     Waiting for application startup.
INFO:     Application startup complete.
ERROR:    [Errno 48] error while attempting to bind on address ('0.0.0.0', 8000): address already in use
INFO:     Waiting for application shutdown.
INFO:     Application shutdown complete.
INFO:     Started server process [8284]
INFO:     Waiting for application startup.
INFO:     Application startup complete.
ERROR:    [Errno 48] error while attempting to bind on address ('0.0.0.0', 8000): address already in use
INFO:     Waiting for application shutdown.
INFO:     Application shutdown complete.
INFO:     Started server process [8300]
INFO:     Waiting for application startup.
INFO:     Application startup complete.
ERROR:    [Errno 48] error while attempting to bind on address ('0.0.0.0', 8000): address already in use
INFO:     Waiting for application shutdown.
INFO:     Application shutdown complete.
INFO:     Started server process [8316]
INFO:     Waiting for application startup.
INFO:     Application startup complete.
ERROR:    [Errno 48] error while attempting to bind on address ('0.0.0.0', 8000): address already in use
INFO:     Waiting for application shutdown.
INFO:     Application shutdown complete.
INFO:     Started server process [8331]
INFO:     Waiting for application startup.
INFO:     Application startup complete.
ERROR:    [Errno 48] error while attempting to bind on address ('0.0.0.0', 8000): address already in use
INFO:     Waiting for application shutdown.
INFO:     Application shutdown complete.
INFO:     Started server process [8347]
INFO:     Waiting for application startup.
INFO:     Application startup complete.
ERROR:    [Errno 48] error while attempting to bind on address ('0.0.0.0', 8000): address already in use
INFO:     Waiting for application shutdown.
INFO:     Application shutdown complete.
INFO:     Started server process [8363]
INFO:     Waiting for application startup.
INFO:     Application startup complete.
ERROR:    [Errno 48] error while attempting to bind on address ('0.0.0.0', 8000): address already in use
INFO:     Waiting for application shutdown.
INFO:     Application shutdown complete.
INFO:     Started server process [8378]
INFO:     Waiting for application startup.
INFO:     Application startup complete.
ERROR:    [Errno 48] error while attempting to bind on address ('0.0.0.0', 8000): address already in use
INFO:     Waiting for application shutdown.
INFO:     Application shutdown complete.
INFO:     Started server process [8395]
INFO:     Waiting for application startup.
INFO:     Application startup complete.
ERROR:    [Errno 48] error while attempting to bind on address ('0.0.0.0', 8000): address already in use
INFO:     Waiting for application shutdown.
INFO:     Application shutdown complete.
INFO:     Started server process [8411]
INFO:     Waiting for application startup.
INFO:     Application startup complete.
ERROR:    [Errno 48] error while attempting to bind on address ('0.0.0.0', 8000): address already in use
INFO:     Waiting for application shutdown.
INFO:     Application shutdown complete.
INFO:     Started server process [8426]
INFO:     Waiting for application startup.
INFO:     Application startup complete.
ERROR:    [Errno 48] error while attempting to bind on address ('0.0.0.0', 8000): address already in use
INFO:     Waiting for application shutdown.
INFO:     Application shutdown complete.
INFO:     Started server process [8452]
INFO:     Waiting for application startup.
INFO:     Application startup complete.
ERROR:    [Errno 48] error while attempting to bind on address ('0.0.0.0', 8000): address already in use
INFO:     Waiting for application shutdown.
INFO:     Application shutdown complete.
INFO:     Started server process [8468]
INFO:     Waiting for application startup.
INFO:     Application startup complete.
ERROR:    [Errno 48] error while attempting to bind on address ('0.0.0.0', 8000): address already in use
INFO:     Waiting for application shutdown.
INFO:     Application shutdown complete.
INFO:     Started server process [8484]
INFO:     Waiting for application startup.
INFO:     Application startup complete.
ERROR:    [Errno 48] error while attempting to bind on address ('0.0.0.0', 8000): address already in use
INFO:     Waiting for application shutdown.
INFO:     Application shutdown complete.
INFO:     Started server process [8499]
INFO:     Waiting for application startup.
INFO:     Application startup complete.
ERROR:    [Errno 48] error while attempting to bind on address ('0.0.0.0', 8000): address already in use
INFO:     Waiting for application shutdown.
INFO:     Application shutdown complete.
INFO:     Started server process [8515]
INFO:     Waiting for application startup.
INFO:     Application startup complete.
ERROR:    [Errno 48] error while attempting to bind on address ('0.0.0.0', 8000): address already in use
INFO:     Waiting for application shutdown.
INFO:     Application shutdown complete.
INFO:     Started server process [8532]
INFO:     Waiting for application startup.
INFO:     Application startup complete.
ERROR:    [Errno 48] error while attempting to bind on address ('0.0.0.0', 8000): address already in use
INFO:     Waiting for application shutdown.
INFO:     Application shutdown complete.
INFO:     Started server process [8554]
INFO:     Waiting for application startup.
INFO:     Application startup complete.
ERROR:    [Errno 48] error while attempting to bind on address ('0.0.0.0', 8000): address already in use
INFO:     Waiting for application shutdown.
INFO:     Application shutdown complete.
INFO:     Started server process [8570]
INFO:     Waiting for application startup.
INFO:     Application startup complete.
ERROR:    [Errno 48] error while attempting to bind on address ('0.0.0.0', 8000): address already in use
INFO:     Waiting for application shutdown.
INFO:     Application shutdown complete.
INFO:     Started server process [8618]
INFO:     Waiting for application startup.
INFO:     Application startup complete.
ERROR:    [Errno 48] error while attempting to bind on address ('0.0.0.0', 8000): address already in use
INFO:     Waiting for application shutdown.
INFO:     Application shutdown complete.
INFO:     Started server process [8633]
INFO:     Waiting for application startup.
INFO:     Application startup complete.
ERROR:    [Errno 48] error while attempting to bind on address ('0.0.0.0', 8000): address already in use
INFO:     Waiting for application shutdown.
INFO:     Application shutdown complete.
INFO:     Started server process [8649]
INFO:     Waiting for application startup.
INFO:     Application startup complete.
ERROR:    [Errno 48] error while attempting to bind on address ('0.0.0.0', 8000): address already in use
INFO:     Waiting for application shutdown.
INFO:     Application shutdown complete.
INFO:     Started server process [8666]
INFO:     Waiting for application startup.
INFO:     Application startup complete.
ERROR:    [Errno 48] error while attempting to bind on address ('0.0.0.0', 8000): address already in use
INFO:     Waiting for application shutdown.
INFO:     Application shutdown complete.
INFO:     Started server process [8681]
INFO:     Waiting for application startup.
INFO:     Application startup complete.
ERROR:    [Errno 48] error while attempting to bind on address ('0.0.0.0', 8000): address already in use
INFO:     Waiting for application shutdown.
INFO:     Application shutdown complete.
INFO:     Started server process [8697]
INFO:     Waiting for application startup.
INFO:     Application startup complete.
ERROR:    [Errno 48] error while attempting to bind on address ('0.0.0.0', 8000): address already in use
INFO:     Waiting for application shutdown.
INFO:     Application shutdown complete.
INFO:     Started server process [8713]
INFO:     Waiting for application startup.
INFO:     Application startup complete.
ERROR:    [Errno 48] error while attempting to bind on address ('0.0.0.0', 8000): address already in use
INFO:     Waiting for application shutdown.
INFO:     Application shutdown complete.
INFO:     Started server process [8728]
INFO:     Waiting for application startup.
INFO:     Application startup complete.
ERROR:    [Errno 48] error while attempting to bind on address ('0.0.0.0', 8000): address already in use
INFO:     Waiting for application shutdown.
INFO:     Application shutdown complete.
INFO:     Started server process [8744]
INFO:     Waiting for application startup.
INFO:     Application startup complete.
ERROR:    [Errno 48] error while attempting to bind on address ('0.0.0.0', 8000): address already in use
INFO:     Waiting for application shutdown.
INFO:     Application shutdown complete.
INFO:     Started server process [8757]
INFO:     Waiting for application startup.
INFO:     Application startup complete.
ERROR:    [Errno 48] error while attempting to bind on address ('0.0.0.0', 8000): address already in use
INFO:     Waiting for application shutdown.
INFO:     Application shutdown complete.
INFO:     Started server process [8773]
INFO:     Waiting for application startup.
INFO:     Application startup complete.
ERROR:    [Errno 48] error while attempting to bind on address ('0.0.0.0', 8000): address already in use
INFO:     Waiting for application shutdown.
INFO:     Application shutdown complete.
INFO:     Started server process [8788]
INFO:     Waiting for application startup.
INFO:     Application startup complete.
ERROR:    [Errno 48] error while attempting to bind on address ('0.0.0.0', 8000): address already in use
INFO:     Waiting for application shutdown.
INFO:     Application shutdown complete.
INFO:     Started server process [8804]
INFO:     Waiting for application startup.
INFO:     Application startup complete.
ERROR:    [Errno 48] error while attempting to bind on address ('0.0.0.0', 8000): address already in use
INFO:     Waiting for application shutdown.
INFO:     Application shutdown complete.
INFO:     Started server process [8820]
INFO:     Waiting for application startup.
INFO:     Application startup complete.
ERROR:    [Errno 48] error while attempting to bind on address ('0.0.0.0', 8000): address already in use
INFO:     Waiting for application shutdown.
INFO:     Application shutdown complete.
INFO:     Started server process [8835]
INFO:     Waiting for application startup.
INFO:     Application startup complete.
ERROR:    [Errno 48] error while attempting to bind on address ('0.0.0.0', 8000): address already in use
INFO:     Waiting for application shutdown.
INFO:     Application shutdown complete.
INFO:     Started server process [8851]
INFO:     Waiting for application startup.
INFO:     Application startup complete.
ERROR:    [Errno 48] error while attempting to bind on address ('0.0.0.0', 8000): address already in use
INFO:     Waiting for application shutdown.
INFO:     Application shutdown complete.
INFO:     Started server process [8860]
INFO:     Waiting for application startup.
INFO:     Application startup complete.
ERROR:    [Errno 48] error while attempting to bind on address ('0.0.0.0', 8000): address already in use
INFO:     Waiting for application shutdown.
INFO:     Application shutdown complete.
INFO:     Started server process [8875]
INFO:     Waiting for application startup.
INFO:     Application startup complete.
ERROR:    [Errno 48] error while attempting to bind on address ('0.0.0.0', 8000): address already in use
INFO:     Waiting for application shutdown.
INFO:     Application shutdown complete.
INFO:     Started server process [8891]
INFO:     Waiting for application startup.
INFO:     Application startup complete.
ERROR:    [Errno 48] error while attempting to bind on address ('0.0.0.0', 8000): address already in use
INFO:     Waiting for application shutdown.
INFO:     Application shutdown complete.
INFO:     Started server process [8907]
INFO:     Waiting for application startup.
INFO:     Application startup complete.
ERROR:    [Errno 48] error while attempting to bind on address ('0.0.0.0', 8000): address already in use
INFO:     Waiting for application shutdown.
INFO:     Application shutdown complete.
INFO:     Started server process [8924]
INFO:     Waiting for application startup.
INFO:     Application startup complete.
ERROR:    [Errno 48] error while attempting to bind on address ('0.0.0.0', 8000): address already in use
INFO:     Waiting for application shutdown.
INFO:     Application shutdown complete.
INFO:     Started server process [8949]
INFO:     Waiting for application startup.
INFO:     Application startup complete.
ERROR:    [Errno 48] error while attempting to bind on address ('0.0.0.0', 8000): address already in use
INFO:     Waiting for application shutdown.
INFO:     Application shutdown complete.
INFO:     Started server process [8965]
INFO:     Waiting for application startup.
INFO:     Application startup complete.
ERROR:    [Errno 48] error while attempting to bind on address ('0.0.0.0', 8000): address already in use
INFO:     Waiting for application shutdown.
INFO:     Application shutdown complete.
INFO:     Started server process [8982]
INFO:     Waiting for application startup.
INFO:     Application startup complete.
ERROR:    [Errno 48] error while attempting to bind on address ('0.0.0.0', 8000): address already in use
INFO:     Waiting for application shutdown.
INFO:     Application shutdown complete.
INFO:     Started server process [8998]
INFO:     Waiting for application startup.
INFO:     Application startup complete.
ERROR:    [Errno 48] error while attempting to bind on address ('0.0.0.0', 8000): address already in use
INFO:     Waiting for application shutdown.
INFO:     Application shutdown complete.
INFO:     Started server process [9014]
INFO:     Waiting for application startup.
INFO:     Application startup complete.
ERROR:    [Errno 48] error while attempting to bind on address ('0.0.0.0', 8000): address already in use
INFO:     Waiting for application shutdown.
INFO:     Application shutdown complete.
INFO:     Started server process [9030]
INFO:     Waiting for application startup.
INFO:     Application startup complete.
ERROR:    [Errno 48] error while attempting to bind on address ('0.0.0.0', 8000): address already in use
INFO:     Waiting for application shutdown.
INFO:     Application shutdown complete.
INFO:     Started server process [9062]
INFO:     Waiting for application startup.
INFO:     Application startup complete.
ERROR:    [Errno 48] error while attempting to bind on address ('0.0.0.0', 8000): address already in use
INFO:     Waiting for application shutdown.
INFO:     Application shutdown complete.
INFO:     Started server process [9078]
INFO:     Waiting for application startup.
INFO:     Application startup complete.
ERROR:    [Errno 48] error while attempting to bind on address ('0.0.0.0', 8000): address already in use
INFO:     Waiting for application shutdown.
INFO:     Application shutdown complete.
INFO:     Started server process [9154]
INFO:     Waiting for application startup.
INFO:     Application startup complete.
ERROR:    [Errno 48] error while attempting to bind on address ('0.0.0.0', 8000): address already in use
INFO:     Waiting for application shutdown.
INFO:     Application shutdown complete.
INFO:     Started server process [9181]
INFO:     Waiting for application startup.
INFO:     Application startup complete.
ERROR:    [Errno 48] error while attempting to bind on address ('0.0.0.0', 8000): address already in use
INFO:     Waiting for application shutdown.
INFO:     Application shutdown complete.
INFO:     Started server process [9208]
INFO:     Waiting for application startup.
INFO:     Application startup complete.
ERROR:    [Errno 48] error while attempting to bind on address ('0.0.0.0', 8000): address already in use
INFO:     Waiting for application shutdown.
INFO:     Application shutdown complete.
INFO:     Started server process [9230]
INFO:     Waiting for application startup.
INFO:     Application startup complete.
ERROR:    [Errno 48] error while attempting to bind on address ('0.0.0.0', 8000): address already in use
INFO:     Waiting for application shutdown.
INFO:     Application shutdown complete.
INFO:     Started server process [9268]
INFO:     Waiting for application startup.
INFO:     Application startup complete.
ERROR:    [Errno 48] error while attempting to bind on address ('0.0.0.0', 8000): address already in use
INFO:     Waiting for application shutdown.
INFO:     Application shutdown complete.
INFO:     Started server process [9286]
INFO:     Waiting for application startup.
INFO:     Application startup complete.
ERROR:    [Errno 48] error while attempting to bind on address ('0.0.0.0', 8000): address already in use
INFO:     Waiting for application shutdown.
INFO:     Application shutdown complete.
INFO:     Started server process [9302]
INFO:     Waiting for application startup.
INFO:     Application startup complete.
ERROR:    [Errno 48] error while attempting to bind on address ('0.0.0.0', 8000): address already in use
INFO:     Waiting for application shutdown.
INFO:     Application shutdown complete.
INFO:     Started server process [9317]
INFO:     Waiting for application startup.
INFO:     Application startup complete.
ERROR:    [Errno 48] error while attempting to bind on address ('0.0.0.0', 8000): address already in use
INFO:     Waiting for application shutdown.
INFO:     Application shutdown complete.
INFO:     Started server process [9333]
INFO:     Waiting for application startup.
INFO:     Application startup complete.
ERROR:    [Errno 48] error while attempting to bind on address ('0.0.0.0', 8000): address already in use
INFO:     Waiting for application shutdown.
INFO:     Application shutdown complete.
INFO:     Started server process [9350]
INFO:     Waiting for application startup.
INFO:     Application startup complete.
ERROR:    [Errno 48] error while attempting to bind on address ('0.0.0.0', 8000): address already in use
INFO:     Waiting for application shutdown.
INFO:     Application shutdown complete.
INFO:     Started server process [9365]
INFO:     Waiting for application startup.
INFO:     Application startup complete.
ERROR:    [Errno 48] error while attempting to bind on address ('0.0.0.0', 8000): address already in use
INFO:     Waiting for application shutdown.
INFO:     Application shutdown complete.
INFO:     Started server process [9381]
INFO:     Waiting for application startup.
INFO:     Application startup complete.
ERROR:    [Errno 48] error while attempting to bind on address ('0.0.0.0', 8000): address already in use
INFO:     Waiting for application shutdown.
INFO:     Application shutdown complete.
INFO:     Started server process [9430]
INFO:     Waiting for application startup.
INFO:     Application startup complete.
ERROR:    [Errno 48] error while attempting to bind on address ('0.0.0.0', 8000): address already in use
INFO:     Waiting for application shutdown.
INFO:     Application shutdown complete.
INFO:     Started server process [9446]
INFO:     Waiting for application startup.
INFO:     Application startup complete.
ERROR:    [Errno 48] error while attempting to bind on address ('0.0.0.0', 8000): address already in use
INFO:     Waiting for application shutdown.
INFO:     Application shutdown complete.
INFO:     Started server process [9461]
INFO:     Waiting for application startup.
INFO:     Application startup complete.
ERROR:    [Errno 48] error while attempting to bind on address ('0.0.0.0', 8000): address already in use
INFO:     Waiting for application shutdown.
INFO:     Application shutdown complete.
INFO:     Started server process [9474]
INFO:     Waiting for application startup.
INFO:     Application startup complete.
ERROR:    [Errno 48] error while attempting to bind on address ('0.0.0.0', 8000): address already in use
INFO:     Waiting for application shutdown.
INFO:     Application shutdown complete.
INFO:     Started server process [9490]
INFO:     Waiting for application startup.
INFO:     Application startup complete.
ERROR:    [Errno 48] error while attempting to bind on address ('0.0.0.0', 8000): address already in use
INFO:     Waiting for application shutdown.
INFO:     Application shutdown complete.
INFO:     Started server process [9505]
INFO:     Waiting for application startup.
INFO:     Application startup complete.
ERROR:    [Errno 48] error while attempting to bind on address ('0.0.0.0', 8000): address already in use
INFO:     Waiting for application shutdown.
INFO:     Application shutdown complete.
INFO:     Started server process [9521]
INFO:     Waiting for application startup.
INFO:     Application startup complete.
ERROR:    [Errno 48] error while attempting to bind on address ('0.0.0.0', 8000): address already in use
INFO:     Waiting for application shutdown.
INFO:     Application shutdown complete.
INFO:     Started server process [9536]
INFO:     Waiting for application startup.
INFO:     Application startup complete.
ERROR:    [Errno 48] error while attempting to bind on address ('0.0.0.0', 8000): address already in use
INFO:     Waiting for application shutdown.
INFO:     Application shutdown complete.
INFO:     Started server process [9549]
INFO:     Waiting for application startup.
INFO:     Application startup complete.
ERROR:    [Errno 48] error while attempting to bind on address ('0.0.0.0', 8000): address already in use
INFO:     Waiting for application shutdown.
INFO:     Application shutdown complete.
INFO:     Started server process [9561]
INFO:     Waiting for application startup.
INFO:     Application startup complete.
ERROR:    [Errno 48] error while attempting to bind on address ('0.0.0.0', 8000): address already in use
INFO:     Waiting for application shutdown.
INFO:     Application shutdown complete.
INFO:     Started server process [9577]
INFO:     Waiting for application startup.
INFO:     Application startup complete.
ERROR:    [Errno 48] error while attempting to bind on address ('0.0.0.0', 8000): address already in use
INFO:     Waiting for application shutdown.
INFO:     Application shutdown complete.
INFO:     Started server process [9602]
INFO:     Waiting for application startup.
INFO:     Application startup complete.
ERROR:    [Errno 48] error while attempting to bind on address ('0.0.0.0', 8000): address already in use
INFO:     Waiting for application shutdown.
INFO:     Application shutdown complete.
INFO:     Started server process [9618]
INFO:     Waiting for application startup.
INFO:     Application startup complete.
ERROR:    [Errno 48] error while attempting to bind on address ('0.0.0.0', 8000): address already in use
INFO:     Waiting for application shutdown.
INFO:     Application shutdown complete.
INFO:     Started server process [9634]
INFO:     Waiting for application startup.
INFO:     Application startup complete.
ERROR:    [Errno 48] error while attempting to bind on address ('0.0.0.0', 8000): address already in use
INFO:     Waiting for application shutdown.
INFO:     Application shutdown complete.
INFO:     Started server process [9649]
INFO:     Waiting for application startup.
INFO:     Application startup complete.
ERROR:    [Errno 48] error while attempting to bind on address ('0.0.0.0', 8000): address already in use
INFO:     Waiting for application shutdown.
INFO:     Application shutdown complete.
INFO:     Started server process [9665]
INFO:     Waiting for application startup.
INFO:     Application startup complete.
ERROR:    [Errno 48] error while attempting to bind on address ('0.0.0.0', 8000): address already in use
INFO:     Waiting for application shutdown.
INFO:     Application shutdown complete.
INFO:     Started server process [9681]
INFO:     Waiting for application startup.
INFO:     Application startup complete.
ERROR:    [Errno 48] error while attempting to bind on address ('0.0.0.0', 8000): address already in use
INFO:     Waiting for application shutdown.
INFO:     Application shutdown complete.
INFO:     Started server process [9737]
INFO:     Waiting for application startup.
INFO:     Application startup complete.
ERROR:    [Errno 48] error while attempting to bind on address ('0.0.0.0', 8000): address already in use
INFO:     Waiting for application shutdown.
INFO:     Application shutdown complete.
INFO:     Started server process [9752]
INFO:     Waiting for application startup.
INFO:     Application startup complete.
ERROR:    [Errno 48] error while attempting to bind on address ('0.0.0.0', 8000): address already in use
INFO:     Waiting for application shutdown.
INFO:     Application shutdown complete.
INFO:     Started server process [9768]
INFO:     Waiting for application startup.
INFO:     Application startup complete.
ERROR:    [Errno 48] error while attempting to bind on address ('0.0.0.0', 8000): address already in use
INFO:     Waiting for application shutdown.
INFO:     Application shutdown complete.
INFO:     Started server process [9785]
INFO:     Waiting for application startup.
INFO:     Application startup complete.
ERROR:    [Errno 48] error while attempting to bind on address ('0.0.0.0', 8000): address already in use
INFO:     Waiting for application shutdown.
INFO:     Application shutdown complete.
INFO:     Started server process [9800]
INFO:     Waiting for application startup.
INFO:     Application startup complete.
ERROR:    [Errno 48] error while attempting to bind on address ('0.0.0.0', 8000): address already in use
INFO:     Waiting for application shutdown.
INFO:     Application shutdown complete.
INFO:     Started server process [9816]
INFO:     Waiting for application startup.
INFO:     Application startup complete.
ERROR:    [Errno 48] error while attempting to bind on address ('0.0.0.0', 8000): address already in use
INFO:     Waiting for application shutdown.
INFO:     Application shutdown complete.
INFO:     Started server process [9832]
INFO:     Waiting for application startup.
INFO:     Application startup complete.
ERROR:    [Errno 48] error while attempting to bind on address ('0.0.0.0', 8000): address already in use
INFO:     Waiting for application shutdown.
INFO:     Application shutdown complete.
INFO:     Started server process [9847]
INFO:     Waiting for application startup.
INFO:     Application startup complete.
ERROR:    [Errno 48] error while attempting to bind on address ('0.0.0.0', 8000): address already in use
INFO:     Waiting for application shutdown.
INFO:     Application shutdown complete.
INFO:     Started server process [9863]
INFO:     Waiting for application startup.
INFO:     Application startup complete.
ERROR:    [Errno 48] error while attempting to bind on address ('0.0.0.0', 8000): address already in use
INFO:     Waiting for application shutdown.
INFO:     Application shutdown complete.
INFO:     Started server process [9879]
INFO:     Waiting for application startup.
INFO:     Application startup complete.
ERROR:    [Errno 48] error while attempting to bind on address ('0.0.0.0', 8000): address already in use
INFO:     Waiting for application shutdown.
INFO:     Application shutdown complete.
INFO:     Started server process [10049]
INFO:     Waiting for application startup.
INFO:     Application startup complete.
ERROR:    [Errno 48] error while attempting to bind on address ('0.0.0.0', 8000): address already in use
INFO:     Waiting for application shutdown.
INFO:     Application shutdown complete.
INFO:     Started server process [10075]
INFO:     Waiting for application startup.
INFO:     Application startup complete.
ERROR:    [Errno 48] error while attempting to bind on address ('0.0.0.0', 8000): address already in use
INFO:     Waiting for application shutdown.
INFO:     Application shutdown complete.
INFO:     Started server process [10091]
INFO:     Waiting for application startup.
INFO:     Application startup complete.
ERROR:    [Errno 48] error while attempting to bind on address ('0.0.0.0', 8000): address already in use
INFO:     Waiting for application shutdown.
INFO:     Application shutdown complete.
INFO:     Started server process [10107]
INFO:     Waiting for application startup.
INFO:     Application startup complete.
ERROR:    [Errno 48] error while attempting to bind on address ('0.0.0.0', 8000): address already in use
INFO:     Waiting for application shutdown.
INFO:     Application shutdown complete.
INFO:     Started server process [10122]
INFO:     Waiting for application startup.
INFO:     Application startup complete.
ERROR:    [Errno 48] error while attempting to bind on address ('0.0.0.0', 8000): address already in use
INFO:     Waiting for application shutdown.
INFO:     Application shutdown complete.
INFO:     Started server process [10137]
INFO:     Waiting for application startup.
INFO:     Application startup complete.
ERROR:    [Errno 48] error while attempting to bind on address ('0.0.0.0', 8000): address already in use
INFO:     Waiting for application shutdown.
INFO:     Application shutdown complete.
INFO:     Started server process [10153]
INFO:     Waiting for application startup.
INFO:     Application startup complete.
ERROR:    [Errno 48] error while attempting to bind on address ('0.0.0.0', 8000): address already in use
INFO:     Waiting for application shutdown.
INFO:     Application shutdown complete.
INFO:     Started server process [10161]
INFO:     Waiting for application startup.
INFO:     Application startup complete.
ERROR:    [Errno 48] error while attempting to bind on address ('0.0.0.0', 8000): address already in use
INFO:     Waiting for application shutdown.
INFO:     Application shutdown complete.
INFO:     Started server process [10188]
INFO:     Waiting for application startup.
INFO:     Application startup complete.
ERROR:    [Errno 48] error while attempting to bind on address ('0.0.0.0', 8000): address already in use
INFO:     Waiting for application shutdown.
INFO:     Application shutdown complete.
INFO:     Started server process [10204]
INFO:     Waiting for application startup.
INFO:     Application startup complete.
ERROR:    [Errno 48] error while attempting to bind on address ('0.0.0.0', 8000): address already in use
INFO:     Waiting for application shutdown.
INFO:     Application shutdown complete.
INFO:     Started server process [10219]
INFO:     Waiting for application startup.
INFO:     Application startup complete.
ERROR:    [Errno 48] error while attempting to bind on address ('0.0.0.0', 8000): address already in use
INFO:     Waiting for application shutdown.
INFO:     Application shutdown complete.
INFO:     Started server process [10235]
INFO:     Waiting for application startup.
INFO:     Application startup complete.
ERROR:    [Errno 48] error while attempting to bind on address ('0.0.0.0', 8000): address already in use
INFO:     Waiting for application shutdown.
INFO:     Application shutdown complete.
INFO:     Started server process [10251]
INFO:     Waiting for application startup.
INFO:     Application startup complete.
ERROR:    [Errno 48] error while attempting to bind on address ('0.0.0.0', 8000): address already in use
INFO:     Waiting for application shutdown.
INFO:     Application shutdown complete.
INFO:     Started server process [10299]
INFO:     Waiting for application startup.
INFO:     Application startup complete.
ERROR:    [Errno 48] error while attempting to bind on address ('0.0.0.0', 8000): address already in use
INFO:     Waiting for application shutdown.
INFO:     Application shutdown complete.
INFO:     Started server process [10338]
INFO:     Waiting for application startup.
INFO:     Application startup complete.
ERROR:    [Errno 48] error while attempting to bind on address ('0.0.0.0', 8000): address already in use
INFO:     Waiting for application shutdown.
INFO:     Application shutdown complete.
INFO:     Started server process [10370]
INFO:     Waiting for application startup.
INFO:     Application startup complete.
ERROR:    [Errno 48] error while attempting to bind on address ('0.0.0.0', 8000): address already in use
INFO:     Waiting for application shutdown.
INFO:     Application shutdown complete.
INFO:     Started server process [10400]
INFO:     Waiting for application startup.
INFO:     Application startup complete.
ERROR:    [Errno 48] error while attempting to bind on address ('0.0.0.0', 8000): address already in use
INFO:     Waiting for application shutdown.
INFO:     Application shutdown complete.
INFO:     Started server process [10415]
INFO:     Waiting for application startup.
INFO:     Application startup complete.
ERROR:    [Errno 48] error while attempting to bind on address ('0.0.0.0', 8000): address already in use
INFO:     Waiting for application shutdown.
INFO:     Application shutdown complete.
INFO:     Started server process [10432]
INFO:     Waiting for application startup.
INFO:     Application startup complete.
ERROR:    [Errno 48] error while attempting to bind on address ('0.0.0.0', 8000): address already in use
INFO:     Waiting for application shutdown.
INFO:     Application shutdown complete.
INFO:     Started server process [10449]
INFO:     Waiting for application startup.
INFO:     Application startup complete.
ERROR:    [Errno 48] error while attempting to bind on address ('0.0.0.0', 8000): address already in use
INFO:     Waiting for application shutdown.
INFO:     Application shutdown complete.
INFO:     Started server process [10464]
INFO:     Waiting for application startup.
INFO:     Application startup complete.
ERROR:    [Errno 48] error while attempting to bind on address ('0.0.0.0', 8000): address already in use
INFO:     Waiting for application shutdown.
INFO:     Application shutdown complete.
INFO:     Started server process [10480]
INFO:     Waiting for application startup.
INFO:     Application startup complete.
ERROR:    [Errno 48] error while attempting to bind on address ('0.0.0.0', 8000): address already in use
INFO:     Waiting for application shutdown.
INFO:     Application shutdown complete.
INFO:     Started server process [10497]
INFO:     Waiting for application startup.
INFO:     Application startup complete.
ERROR:    [Errno 48] error while attempting to bind on address ('0.0.0.0', 8000): address already in use
INFO:     Waiting for application shutdown.
INFO:     Application shutdown complete.
INFO:     Started server process [10512]
INFO:     Waiting for application startup.
INFO:     Application startup complete.
ERROR:    [Errno 48] error while attempting to bind on address ('0.0.0.0', 8000): address already in use
INFO:     Waiting for application shutdown.
INFO:     Application shutdown complete.
INFO:     Started server process [10528]
INFO:     Waiting for application startup.
INFO:     Application startup complete.
ERROR:    [Errno 48] error while attempting to bind on address ('0.0.0.0', 8000): address already in use
INFO:     Waiting for application shutdown.
INFO:     Application shutdown complete.
INFO:     Started server process [10544]
INFO:     Waiting for application startup.
INFO:     Application startup complete.
ERROR:    [Errno 48] error while attempting to bind on address ('0.0.0.0', 8000): address already in use
INFO:     Waiting for application shutdown.
INFO:     Application shutdown complete.
INFO:     Started server process [10559]
INFO:     Waiting for application startup.
INFO:     Application startup complete.
ERROR:    [Errno 48] error while attempting to bind on address ('0.0.0.0', 8000): address already in use
INFO:     Waiting for application shutdown.
INFO:     Application shutdown complete.
INFO:     Started server process [10575]
INFO:     Waiting for application startup.
INFO:     Application startup complete.
ERROR:    [Errno 48] error while attempting to bind on address ('0.0.0.0', 8000): address already in use
INFO:     Waiting for application shutdown.
INFO:     Application shutdown complete.
INFO:     Started server process [10591]
INFO:     Waiting for application startup.
INFO:     Application startup complete.
ERROR:    [Errno 48] error while attempting to bind on address ('0.0.0.0', 8000): address already in use
INFO:     Waiting for application shutdown.
INFO:     Application shutdown complete.
INFO:     Started server process [10606]
INFO:     Waiting for application startup.
INFO:     Application startup complete.
ERROR:    [Errno 48] error while attempting to bind on address ('0.0.0.0', 8000): address already in use
INFO:     Waiting for application shutdown.
INFO:     Application shutdown complete.
INFO:     Started server process [10622]
INFO:     Waiting for application startup.
INFO:     Application startup complete.
ERROR:    [Errno 48] error while attempting to bind on address ('0.0.0.0', 8000): address already in use
INFO:     Waiting for application shutdown.
INFO:     Application shutdown complete.
INFO:     Started server process [10638]
INFO:     Waiting for application startup.
INFO:     Application startup complete.
ERROR:    [Errno 48] error while attempting to bind on address ('0.0.0.0', 8000): address already in use
INFO:     Waiting for application shutdown.
INFO:     Application shutdown complete.
INFO:     Started server process [10654]
INFO:     Waiting for application startup.
INFO:     Application startup complete.
ERROR:    [Errno 48] error while attempting to bind on address ('0.0.0.0', 8000): address already in use
INFO:     Waiting for application shutdown.
INFO:     Application shutdown complete.
INFO:     Started server process [10669]
INFO:     Waiting for application startup.
INFO:     Application startup complete.
ERROR:    [Errno 48] error while attempting to bind on address ('0.0.0.0', 8000): address already in use
INFO:     Waiting for application shutdown.
INFO:     Application shutdown complete.
INFO:     Started server process [10683]
INFO:     Waiting for application startup.
INFO:     Application startup complete.
ERROR:    [Errno 48] error while attempting to bind on address ('0.0.0.0', 8000): address already in use
INFO:     Waiting for application shutdown.
INFO:     Application shutdown complete.
INFO:     Started server process [10699]
INFO:     Waiting for application startup.
INFO:     Application startup complete.
ERROR:    [Errno 48] error while attempting to bind on address ('0.0.0.0', 8000): address already in use
INFO:     Waiting for application shutdown.
INFO:     Application shutdown complete.
INFO:     Started server process [10729]
INFO:     Waiting for application startup.
INFO:     Application startup complete.
ERROR:    [Errno 48] error while attempting to bind on address ('0.0.0.0', 8000): address already in use
INFO:     Waiting for application shutdown.
INFO:     Application shutdown complete.
INFO:     Started server process [10746]
INFO:     Waiting for application startup.
INFO:     Application startup complete.
ERROR:    [Errno 48] error while attempting to bind on address ('0.0.0.0', 8000): address already in use
INFO:     Waiting for application shutdown.
INFO:     Application shutdown complete.
INFO:     Started server process [10770]
INFO:     Waiting for application startup.
INFO:     Application startup complete.
ERROR:    [Errno 48] error while attempting to bind on address ('0.0.0.0', 8000): address already in use
INFO:     Waiting for application shutdown.
INFO:     Application shutdown complete.
INFO:     Started server process [10784]
INFO:     Waiting for application startup.
INFO:     Application startup complete.
ERROR:    [Errno 48] error while attempting to bind on address ('0.0.0.0', 8000): address already in use
INFO:     Waiting for application shutdown.
INFO:     Application shutdown complete.
INFO:     Started server process [10795]
INFO:     Waiting for application startup.
INFO:     Application startup complete.
ERROR:    [Errno 48] error while attempting to bind on address ('0.0.0.0', 8000): address already in use
INFO:     Waiting for application shutdown.
INFO:     Application shutdown complete.
INFO:     Started server process [10811]
INFO:     Waiting for application startup.
INFO:     Application startup complete.
ERROR:    [Errno 48] error while attempting to bind on address ('0.0.0.0', 8000): address already in use
INFO:     Waiting for application shutdown.
INFO:     Application shutdown complete.
INFO:     Started server process [10858]
INFO:     Waiting for application startup.
INFO:     Application startup complete.
ERROR:    [Errno 48] error while attempting to bind on address ('0.0.0.0', 8000): address already in use
INFO:     Waiting for application shutdown.
INFO:     Application shutdown complete.
INFO:     Started server process [10874]
INFO:     Waiting for application startup.
INFO:     Application startup complete.
ERROR:    [Errno 48] error while attempting to bind on address ('0.0.0.0', 8000): address already in use
INFO:     Waiting for application shutdown.
INFO:     Application shutdown complete.
INFO:     Started server process [10897]
INFO:     Waiting for application startup.
INFO:     Application startup complete.
ERROR:    [Errno 48] error while attempting to bind on address ('0.0.0.0', 8000): address already in use
INFO:     Waiting for application shutdown.
INFO:     Application shutdown complete.
INFO:     Started server process [10912]
INFO:     Waiting for application startup.
INFO:     Application startup complete.
ERROR:    [Errno 48] error while attempting to bind on address ('0.0.0.0', 8000): address already in use
INFO:     Waiting for application shutdown.
INFO:     Application shutdown complete.
INFO:     Started server process [10929]
INFO:     Waiting for application startup.
INFO:     Application startup complete.
ERROR:    [Errno 48] error while attempting to bind on address ('0.0.0.0', 8000): address already in use
INFO:     Waiting for application shutdown.
INFO:     Application shutdown complete.
INFO:     Started server process [10945]
INFO:     Waiting for application startup.
INFO:     Application startup complete.
ERROR:    [Errno 48] error while attempting to bind on address ('0.0.0.0', 8000): address already in use
INFO:     Waiting for application shutdown.
INFO:     Application shutdown complete.
INFO:     Started server process [10961]
INFO:     Waiting for application startup.
INFO:     Application startup complete.
ERROR:    [Errno 48] error while attempting to bind on address ('0.0.0.0', 8000): address already in use
INFO:     Waiting for application shutdown.
INFO:     Application shutdown complete.
INFO:     Started server process [10976]
INFO:     Waiting for application startup.
INFO:     Application startup complete.
ERROR:    [Errno 48] error while attempting to bind on address ('0.0.0.0', 8000): address already in use
INFO:     Waiting for application shutdown.
INFO:     Application shutdown complete.
INFO:     Started server process [10992]
INFO:     Waiting for application startup.
INFO:     Application startup complete.
ERROR:    [Errno 48] error while attempting to bind on address ('0.0.0.0', 8000): address already in use
INFO:     Waiting for application shutdown.
INFO:     Application shutdown complete.
INFO:     Started server process [11008]
INFO:     Waiting for application startup.
INFO:     Application startup complete.
ERROR:    [Errno 48] error while attempting to bind on address ('0.0.0.0', 8000): address already in use
INFO:     Waiting for application shutdown.
INFO:     Application shutdown complete.
INFO:     Started server process [11024]
INFO:     Waiting for application startup.
INFO:     Application startup complete.
ERROR:    [Errno 48] error while attempting to bind on address ('0.0.0.0', 8000): address already in use
INFO:     Waiting for application shutdown.
INFO:     Application shutdown complete.
INFO:     Started server process [11040]
INFO:     Waiting for application startup.
INFO:     Application startup complete.
ERROR:    [Errno 48] error while attempting to bind on address ('0.0.0.0', 8000): address already in use
INFO:     Waiting for application shutdown.
INFO:     Application shutdown complete.
INFO:     Started server process [11056]
INFO:     Waiting for application startup.
INFO:     Application startup complete.
ERROR:    [Errno 48] error while attempting to bind on address ('0.0.0.0', 8000): address already in use
INFO:     Waiting for application shutdown.
INFO:     Application shutdown complete.
INFO:     Started server process [11071]
INFO:     Waiting for application startup.
INFO:     Application startup complete.
ERROR:    [Errno 48] error while attempting to bind on address ('0.0.0.0', 8000): address already in use
INFO:     Waiting for application shutdown.
INFO:     Application shutdown complete.
INFO:     Started server process [11087]
INFO:     Waiting for application startup.
INFO:     Application startup complete.
ERROR:    [Errno 48] error while attempting to bind on address ('0.0.0.0', 8000): address already in use
INFO:     Waiting for application shutdown.
INFO:     Application shutdown complete.
INFO:     Started server process [11104]
INFO:     Waiting for application startup.
INFO:     Application startup complete.
ERROR:    [Errno 48] error while attempting to bind on address ('0.0.0.0', 8000): address already in use
INFO:     Waiting for application shutdown.
INFO:     Application shutdown complete.
INFO:     Started server process [11119]
INFO:     Waiting for application startup.
INFO:     Application startup complete.
ERROR:    [Errno 48] error while attempting to bind on address ('0.0.0.0', 8000): address already in use
INFO:     Waiting for application shutdown.
INFO:     Application shutdown complete.
INFO:     Started server process [11135]
INFO:     Waiting for application startup.
INFO:     Application startup complete.
ERROR:    [Errno 48] error while attempting to bind on address ('0.0.0.0', 8000): address already in use
INFO:     Waiting for application shutdown.
INFO:     Application shutdown complete.
INFO:     Started server process [11151]
INFO:     Waiting for application startup.
INFO:     Application startup complete.
ERROR:    [Errno 48] error while attempting to bind on address ('0.0.0.0', 8000): address already in use
INFO:     Waiting for application shutdown.
INFO:     Application shutdown complete.
INFO:     Started server process [11166]
INFO:     Waiting for application startup.
INFO:     Application startup complete.
ERROR:    [Errno 48] error while attempting to bind on address ('0.0.0.0', 8000): address already in use
INFO:     Waiting for application shutdown.
INFO:     Application shutdown complete.
INFO:     Started server process [11182]
INFO:     Waiting for application startup.
INFO:     Application startup complete.
ERROR:    [Errno 48] error while attempting to bind on address ('0.0.0.0', 8000): address already in use
INFO:     Waiting for application shutdown.
INFO:     Application shutdown complete.
INFO:     Started server process [11198]
INFO:     Waiting for application startup.
INFO:     Application startup complete.
ERROR:    [Errno 48] error while attempting to bind on address ('0.0.0.0', 8000): address already in use
INFO:     Waiting for application shutdown.
INFO:     Application shutdown complete.
INFO:     Started server process [11215]
INFO:     Waiting for application startup.
INFO:     Application startup complete.
ERROR:    [Errno 48] error while attempting to bind on address ('0.0.0.0', 8000): address already in use
INFO:     Waiting for application shutdown.
INFO:     Application shutdown complete.
INFO:     Started server process [11230]
INFO:     Waiting for application startup.
INFO:     Application startup complete.
ERROR:    [Errno 48] error while attempting to bind on address ('0.0.0.0', 8000): address already in use
INFO:     Waiting for application shutdown.
INFO:     Application shutdown complete.
INFO:     Started server process [11243]
INFO:     Waiting for application startup.
INFO:     Application startup complete.
ERROR:    [Errno 48] error while attempting to bind on address ('0.0.0.0', 8000): address already in use
INFO:     Waiting for application shutdown.
INFO:     Application shutdown complete.
INFO:     Started server process [11259]
INFO:     Waiting for application startup.
INFO:     Application startup complete.
ERROR:    [Errno 48] error while attempting to bind on address ('0.0.0.0', 8000): address already in use
INFO:     Waiting for application shutdown.
INFO:     Application shutdown complete.
INFO:     Started server process [11274]
INFO:     Waiting for application startup.
INFO:     Application startup complete.
ERROR:    [Errno 48] error while attempting to bind on address ('0.0.0.0', 8000): address already in use
INFO:     Waiting for application shutdown.
INFO:     Application shutdown complete.
INFO:     Started server process [11300]
INFO:     Waiting for application startup.
INFO:     Application startup complete.
ERROR:    [Errno 48] error while attempting to bind on address ('0.0.0.0', 8000): address already in use
INFO:     Waiting for application shutdown.
INFO:     Application shutdown complete.
INFO:     Started server process [11316]
INFO:     Waiting for application startup.
INFO:     Application startup complete.
ERROR:    [Errno 48] error while attempting to bind on address ('0.0.0.0', 8000): address already in use
INFO:     Waiting for application shutdown.
INFO:     Application shutdown complete.
INFO:     Started server process [11363]
INFO:     Waiting for application startup.
INFO:     Application startup complete.
ERROR:    [Errno 48] error while attempting to bind on address ('0.0.0.0', 8000): address already in use
INFO:     Waiting for application shutdown.
INFO:     Application shutdown complete.
INFO:     Started server process [11372]
INFO:     Waiting for application startup.
INFO:     Application startup complete.
ERROR:    [Errno 48] error while attempting to bind on address ('0.0.0.0', 8000): address already in use
INFO:     Waiting for application shutdown.
INFO:     Application shutdown complete.
INFO:     Started server process [11388]
INFO:     Waiting for application startup.
INFO:     Application startup complete.
ERROR:    [Errno 48] error while attempting to bind on address ('0.0.0.0', 8000): address already in use
INFO:     Waiting for application shutdown.
INFO:     Application shutdown complete.
INFO:     Started server process [11403]
INFO:     Waiting for application startup.
INFO:     Application startup complete.
ERROR:    [Errno 48] error while attempting to bind on address ('0.0.0.0', 8000): address already in use
INFO:     Waiting for application shutdown.
INFO:     Application shutdown complete.
INFO:     Started server process [11426]
INFO:     Waiting for application startup.
INFO:     Application startup complete.
ERROR:    [Errno 48] error while attempting to bind on address ('0.0.0.0', 8000): address already in use
INFO:     Waiting for application shutdown.
INFO:     Application shutdown complete.
INFO:     Started server process [11442]
INFO:     Waiting for application startup.
INFO:     Application startup complete.
ERROR:    [Errno 48] error while attempting to bind on address ('0.0.0.0', 8000): address already in use
INFO:     Waiting for application shutdown.
INFO:     Application shutdown complete.
INFO:     Started server process [11457]
INFO:     Waiting for application startup.
INFO:     Application startup complete.
ERROR:    [Errno 48] error while attempting to bind on address ('0.0.0.0', 8000): address already in use
INFO:     Waiting for application shutdown.
INFO:     Application shutdown complete.
INFO:     Started server process [11473]
INFO:     Waiting for application startup.
INFO:     Application startup complete.
ERROR:    [Errno 48] error while attempting to bind on address ('0.0.0.0', 8000): address already in use
INFO:     Waiting for application shutdown.
INFO:     Application shutdown complete.
INFO:     Started server process [11489]
INFO:     Waiting for application startup.
INFO:     Application startup complete.
ERROR:    [Errno 48] error while attempting to bind on address ('0.0.0.0', 8000): address already in use
INFO:     Waiting for application shutdown.
INFO:     Application shutdown complete.
INFO:     Started server process [11505]
INFO:     Waiting for application startup.
INFO:     Application startup complete.
ERROR:    [Errno 48] error while attempting to bind on address ('0.0.0.0', 8000): address already in use
INFO:     Waiting for application shutdown.
INFO:     Application shutdown complete.
INFO:     Started server process [11521]
INFO:     Waiting for application startup.
INFO:     Application startup complete.
ERROR:    [Errno 48] error while attempting to bind on address ('0.0.0.0', 8000): address already in use
INFO:     Waiting for application shutdown.
INFO:     Application shutdown complete.
INFO:     Started server process [11537]
INFO:     Waiting for application startup.
INFO:     Application startup complete.
ERROR:    [Errno 48] error while attempting to bind on address ('0.0.0.0', 8000): address already in use
INFO:     Waiting for application shutdown.
INFO:     Application shutdown complete.
INFO:     Started server process [11553]
INFO:     Waiting for application startup.
INFO:     Application startup complete.
ERROR:    [Errno 48] error while attempting to bind on address ('0.0.0.0', 8000): address already in use
INFO:     Waiting for application shutdown.
INFO:     Application shutdown complete.
INFO:     Started server process [11568]
INFO:     Waiting for application startup.
INFO:     Application startup complete.
ERROR:    [Errno 48] error while attempting to bind on address ('0.0.0.0', 8000): address already in use
INFO:     Waiting for application shutdown.
INFO:     Application shutdown complete.
INFO:     Started server process [11584]
INFO:     Waiting for application startup.
INFO:     Application startup complete.
ERROR:    [Errno 48] error while attempting to bind on address ('0.0.0.0', 8000): address already in use
INFO:     Waiting for application shutdown.
INFO:     Application shutdown complete.
INFO:     Started server process [11600]
INFO:     Waiting for application startup.
INFO:     Application startup complete.
ERROR:    [Errno 48] error while attempting to bind on address ('0.0.0.0', 8000): address already in use
INFO:     Waiting for application shutdown.
INFO:     Application shutdown complete.
INFO:     Started server process [11616]
INFO:     Waiting for application startup.
INFO:     Application startup complete.
ERROR:    [Errno 48] error while attempting to bind on address ('0.0.0.0', 8000): address already in use
INFO:     Waiting for application shutdown.
INFO:     Application shutdown complete.
INFO:     Started server process [11632]
INFO:     Waiting for application startup.
INFO:     Application startup complete.
ERROR:    [Errno 48] error while attempting to bind on address ('0.0.0.0', 8000): address already in use
INFO:     Waiting for application shutdown.
INFO:     Application shutdown complete.
INFO:     Started server process [11648]
INFO:     Waiting for application startup.
INFO:     Application startup complete.
ERROR:    [Errno 48] error while attempting to bind on address ('0.0.0.0', 8000): address already in use
INFO:     Waiting for application shutdown.
INFO:     Application shutdown complete.
INFO:     Started server process [11663]
INFO:     Waiting for application startup.
INFO:     Application startup complete.
ERROR:    [Errno 48] error while attempting to bind on address ('0.0.0.0', 8000): address already in use
INFO:     Waiting for application shutdown.
INFO:     Application shutdown complete.
INFO:     Started server process [11679]
INFO:     Waiting for application startup.
INFO:     Application startup complete.
ERROR:    [Errno 48] error while attempting to bind on address ('0.0.0.0', 8000): address already in use
INFO:     Waiting for application shutdown.
INFO:     Application shutdown complete.
INFO:     Started server process [11696]
INFO:     Waiting for application startup.
INFO:     Application startup complete.
ERROR:    [Errno 48] error while attempting to bind on address ('0.0.0.0', 8000): address already in use
INFO:     Waiting for application shutdown.
INFO:     Application shutdown complete.
INFO:     Started server process [11711]
INFO:     Waiting for application startup.
INFO:     Application startup complete.
ERROR:    [Errno 48] error while attempting to bind on address ('0.0.0.0', 8000): address already in use
INFO:     Waiting for application shutdown.
INFO:     Application shutdown complete.
INFO:     Started server process [11727]
INFO:     Waiting for application startup.
INFO:     Application startup complete.
ERROR:    [Errno 48] error while attempting to bind on address ('0.0.0.0', 8000): address already in use
INFO:     Waiting for application shutdown.
INFO:     Application shutdown complete.
INFO:     Started server process [11743]
INFO:     Waiting for application startup.
INFO:     Application startup complete.
ERROR:    [Errno 48] error while attempting to bind on address ('0.0.0.0', 8000): address already in use
INFO:     Waiting for application shutdown.
INFO:     Application shutdown complete.
INFO:     Started server process [11758]
INFO:     Waiting for application startup.
INFO:     Application startup complete.
ERROR:    [Errno 48] error while attempting to bind on address ('0.0.0.0', 8000): address already in use
INFO:     Waiting for application shutdown.
INFO:     Application shutdown complete.
INFO:     Started server process [11774]
INFO:     Waiting for application startup.
INFO:     Application startup complete.
ERROR:    [Errno 48] error while attempting to bind on address ('0.0.0.0', 8000): address already in use
INFO:     Waiting for application shutdown.
INFO:     Application shutdown complete.
INFO:     Started server process [11790]
INFO:     Waiting for application startup.
INFO:     Application startup complete.
ERROR:    [Errno 48] error while attempting to bind on address ('0.0.0.0', 8000): address already in use
INFO:     Waiting for application shutdown.
INFO:     Application shutdown complete.
INFO:     Started server process [11806]
INFO:     Waiting for application startup.
INFO:     Application startup complete.
ERROR:    [Errno 48] error while attempting to bind on address ('0.0.0.0', 8000): address already in use
INFO:     Waiting for application shutdown.
INFO:     Application shutdown complete.
INFO:     Started server process [11892]
INFO:     Waiting for application startup.
INFO:     Application startup complete.
ERROR:    [Errno 48] error while attempting to bind on address ('0.0.0.0', 8000): address already in use
INFO:     Waiting for application shutdown.
INFO:     Application shutdown complete.
INFO:     Started server process [11907]
INFO:     Waiting for application startup.
INFO:     Application startup complete.
ERROR:    [Errno 48] error while attempting to bind on address ('0.0.0.0', 8000): address already in use
INFO:     Waiting for application shutdown.
INFO:     Application shutdown complete.
INFO:     Started server process [11923]
INFO:     Waiting for application startup.
INFO:     Application startup complete.
ERROR:    [Errno 48] error while attempting to bind on address ('0.0.0.0', 8000): address already in use
INFO:     Waiting for application shutdown.
INFO:     Application shutdown complete.
INFO:     Started server process [11938]
INFO:     Waiting for application startup.
INFO:     Application startup complete.
ERROR:    [Errno 48] error while attempting to bind on address ('0.0.0.0', 8000): address already in use
INFO:     Waiting for application shutdown.
INFO:     Application shutdown complete.
INFO:     Started server process [11955]
INFO:     Waiting for application startup.
INFO:     Application startup complete.
ERROR:    [Errno 48] error while attempting to bind on address ('0.0.0.0', 8000): address already in use
INFO:     Waiting for application shutdown.
INFO:     Application shutdown complete.
INFO:     Started server process [11977]
INFO:     Waiting for application startup.
INFO:     Application startup complete.
ERROR:    [Errno 48] error while attempting to bind on address ('0.0.0.0', 8000): address already in use
INFO:     Waiting for application shutdown.
INFO:     Application shutdown complete.
INFO:     Started server process [11992]
INFO:     Waiting for application startup.
INFO:     Application startup complete.
ERROR:    [Errno 48] error while attempting to bind on address ('0.0.0.0', 8000): address already in use
INFO:     Waiting for application shutdown.
INFO:     Application shutdown complete.
INFO:     Started server process [12001]
INFO:     Waiting for application startup.
INFO:     Application startup complete.
ERROR:    [Errno 48] error while attempting to bind on address ('0.0.0.0', 8000): address already in use
INFO:     Waiting for application shutdown.
INFO:     Application shutdown complete.
INFO:     Started server process [12017]
INFO:     Waiting for application startup.
INFO:     Application startup complete.
ERROR:    [Errno 48] error while attempting to bind on address ('0.0.0.0', 8000): address already in use
INFO:     Waiting for application shutdown.
INFO:     Application shutdown complete.
INFO:     Started server process [12032]
INFO:     Waiting for application startup.
INFO:     Application startup complete.
ERROR:    [Errno 48] error while attempting to bind on address ('0.0.0.0', 8000): address already in use
INFO:     Waiting for application shutdown.
INFO:     Application shutdown complete.
INFO:     Started server process [12048]
INFO:     Waiting for application startup.
INFO:     Application startup complete.
ERROR:    [Errno 48] error while attempting to bind on address ('0.0.0.0', 8000): address already in use
INFO:     Waiting for application shutdown.
INFO:     Application shutdown complete.
INFO:     Started server process [12064]
INFO:     Waiting for application startup.
INFO:     Application startup complete.
ERROR:    [Errno 48] error while attempting to bind on address ('0.0.0.0', 8000): address already in use
INFO:     Waiting for application shutdown.
INFO:     Application shutdown complete.
INFO:     Started server process [12090]
INFO:     Waiting for application startup.
INFO:     Application startup complete.
ERROR:    [Errno 48] error while attempting to bind on address ('0.0.0.0', 8000): address already in use
INFO:     Waiting for application shutdown.
INFO:     Application shutdown complete.
INFO:     Started server process [12111]
INFO:     Waiting for application startup.
INFO:     Application startup complete.
ERROR:    [Errno 48] error while attempting to bind on address ('0.0.0.0', 8000): address already in use
INFO:     Waiting for application shutdown.
INFO:     Application shutdown complete.
INFO:     Started server process [12127]
INFO:     Waiting for application startup.
INFO:     Application startup complete.
ERROR:    [Errno 48] error while attempting to bind on address ('0.0.0.0', 8000): address already in use
INFO:     Waiting for application shutdown.
INFO:     Application shutdown complete.
INFO:     Started server process [12144]
INFO:     Waiting for application startup.
INFO:     Application startup complete.
ERROR:    [Errno 48] error while attempting to bind on address ('0.0.0.0', 8000): address already in use
INFO:     Waiting for application shutdown.
INFO:     Application shutdown complete.
INFO:     Started server process [12159]
INFO:     Waiting for application startup.
INFO:     Application startup complete.
ERROR:    [Errno 48] error while attempting to bind on address ('0.0.0.0', 8000): address already in use
INFO:     Waiting for application shutdown.
INFO:     Application shutdown complete.
INFO:     Started server process [12175]
INFO:     Waiting for application startup.
INFO:     Application startup complete.
ERROR:    [Errno 48] error while attempting to bind on address ('0.0.0.0', 8000): address already in use
INFO:     Waiting for application shutdown.
INFO:     Application shutdown complete.
INFO:     Started server process [12191]
INFO:     Waiting for application startup.
INFO:     Application startup complete.
ERROR:    [Errno 48] error while attempting to bind on address ('0.0.0.0', 8000): address already in use
INFO:     Waiting for application shutdown.
INFO:     Application shutdown complete.
INFO:     Started server process [12206]
INFO:     Waiting for application startup.
INFO:     Application startup complete.
ERROR:    [Errno 48] error while attempting to bind on address ('0.0.0.0', 8000): address already in use
INFO:     Waiting for application shutdown.
INFO:     Application shutdown complete.
INFO:     Started server process [12222]
INFO:     Waiting for application startup.
INFO:     Application startup complete.
ERROR:    [Errno 48] error while attempting to bind on address ('0.0.0.0', 8000): address already in use
INFO:     Waiting for application shutdown.
INFO:     Application shutdown complete.
INFO:     Started server process [12238]
INFO:     Waiting for application startup.
INFO:     Application startup complete.
ERROR:    [Errno 48] error while attempting to bind on address ('0.0.0.0', 8000): address already in use
INFO:     Waiting for application shutdown.
INFO:     Application shutdown complete.
INFO:     Started server process [12264]
INFO:     Waiting for application startup.
INFO:     Application startup complete.
ERROR:    [Errno 48] error while attempting to bind on address ('0.0.0.0', 8000): address already in use
INFO:     Waiting for application shutdown.
INFO:     Application shutdown complete.
INFO:     Started server process [12281]
INFO:     Waiting for application startup.
INFO:     Application startup complete.
ERROR:    [Errno 48] error while attempting to bind on address ('0.0.0.0', 8000): address already in use
INFO:     Waiting for application shutdown.
INFO:     Application shutdown complete.
INFO:     Started server process [12297]
INFO:     Waiting for application startup.
INFO:     Application startup complete.
ERROR:    [Errno 48] error while attempting to bind on address ('0.0.0.0', 8000): address already in use
INFO:     Waiting for application shutdown.
INFO:     Application shutdown complete.
INFO:     Started server process [12312]
INFO:     Waiting for application startup.
INFO:     Application startup complete.
ERROR:    [Errno 48] error while attempting to bind on address ('0.0.0.0', 8000): address already in use
INFO:     Waiting for application shutdown.
INFO:     Application shutdown complete.
INFO:     Started server process [12349]
INFO:     Waiting for application startup.
INFO:     Application startup complete.
ERROR:    [Errno 48] error while attempting to bind on address ('0.0.0.0', 8000): address already in use
INFO:     Waiting for application shutdown.
INFO:     Application shutdown complete.
INFO:     Started server process [12381]
INFO:     Waiting for application startup.
INFO:     Application startup complete.
ERROR:    [Errno 48] error while attempting to bind on address ('0.0.0.0', 8000): address already in use
INFO:     Waiting for application shutdown.
INFO:     Application shutdown complete.
INFO:     Started server process [12408]
INFO:     Waiting for application startup.
INFO:     Application startup complete.
ERROR:    [Errno 48] error while attempting to bind on address ('0.0.0.0', 8000): address already in use
INFO:     Waiting for application shutdown.
INFO:     Application shutdown complete.
INFO:     Started server process [12456]
INFO:     Waiting for application startup.
INFO:     Application startup complete.
ERROR:    [Errno 48] error while attempting to bind on address ('0.0.0.0', 8000): address already in use
INFO:     Waiting for application shutdown.
INFO:     Application shutdown complete.
INFO:     Started server process [12480]
INFO:     Waiting for application startup.
INFO:     Application startup complete.
ERROR:    [Errno 48] error while attempting to bind on address ('0.0.0.0', 8000): address already in use
INFO:     Waiting for application shutdown.
INFO:     Application shutdown complete.
INFO:     Started server process [12497]
INFO:     Waiting for application startup.
INFO:     Application startup complete.
ERROR:    [Errno 48] error while attempting to bind on address ('0.0.0.0', 8000): address already in use
INFO:     Waiting for application shutdown.
INFO:     Application shutdown complete.
INFO:     Started server process [12512]
INFO:     Waiting for application startup.
INFO:     Application startup complete.
ERROR:    [Errno 48] error while attempting to bind on address ('0.0.0.0', 8000): address already in use
INFO:     Waiting for application shutdown.
INFO:     Application shutdown complete.
INFO:     Started server process [12540]
INFO:     Waiting for application startup.
INFO:     Application startup complete.
ERROR:    [Errno 48] error while attempting to bind on address ('0.0.0.0', 8000): address already in use
INFO:     Waiting for application shutdown.
INFO:     Application shutdown complete.
INFO:     Started server process [12561]
INFO:     Waiting for application startup.
INFO:     Application startup complete.
ERROR:    [Errno 48] error while attempting to bind on address ('0.0.0.0', 8000): address already in use
INFO:     Waiting for application shutdown.
INFO:     Application shutdown complete.
INFO:     Started server process [12588]
INFO:     Waiting for application startup.
INFO:     Application startup complete.
ERROR:    [Errno 48] error while attempting to bind on address ('0.0.0.0', 8000): address already in use
INFO:     Waiting for application shutdown.
INFO:     Application shutdown complete.
INFO:     Started server process [12611]
INFO:     Waiting for application startup.
INFO:     Application startup complete.
ERROR:    [Errno 48] error while attempting to bind on address ('0.0.0.0', 8000): address already in use
INFO:     Waiting for application shutdown.
INFO:     Application shutdown complete.
INFO:     Started server process [12627]
INFO:     Waiting for application startup.
INFO:     Application startup complete.
ERROR:    [Errno 48] error while attempting to bind on address ('0.0.0.0', 8000): address already in use
INFO:     Waiting for application shutdown.
INFO:     Application shutdown complete.
INFO:     Started server process [12646]
INFO:     Waiting for application startup.
INFO:     Application startup complete.
ERROR:    [Errno 48] error while attempting to bind on address ('0.0.0.0', 8000): address already in use
INFO:     Waiting for application shutdown.
INFO:     Application shutdown complete.
INFO:     Started server process [12666]
INFO:     Waiting for application startup.
INFO:     Application startup complete.
ERROR:    [Errno 48] error while attempting to bind on address ('0.0.0.0', 8000): address already in use
INFO:     Waiting for application shutdown.
INFO:     Application shutdown complete.
INFO:     Started server process [12678]
INFO:     Waiting for application startup.
INFO:     Application startup complete.
ERROR:    [Errno 48] error while attempting to bind on address ('0.0.0.0', 8000): address already in use
INFO:     Waiting for application shutdown.
INFO:     Application shutdown complete.
INFO:     Started server process [12705]
INFO:     Waiting for application startup.
INFO:     Application startup complete.
ERROR:    [Errno 48] error while attempting to bind on address ('0.0.0.0', 8000): address already in use
INFO:     Waiting for application shutdown.
INFO:     Application shutdown complete.
INFO:     Started server process [12721]
INFO:     Waiting for application startup.
INFO:     Application startup complete.
ERROR:    [Errno 48] error while attempting to bind on address ('0.0.0.0', 8000): address already in use
INFO:     Waiting for application shutdown.
INFO:     Application shutdown complete.
INFO:     Started server process [12737]
INFO:     Waiting for application startup.
INFO:     Application startup complete.
ERROR:    [Errno 48] error while attempting to bind on address ('0.0.0.0', 8000): address already in use
INFO:     Waiting for application shutdown.
INFO:     Application shutdown complete.
INFO:     Started server process [12752]
INFO:     Waiting for application startup.
INFO:     Application startup complete.
ERROR:    [Errno 48] error while attempting to bind on address ('0.0.0.0', 8000): address already in use
INFO:     Waiting for application shutdown.
INFO:     Application shutdown complete.
INFO:     Started server process [12768]
INFO:     Waiting for application startup.
INFO:     Application startup complete.
ERROR:    [Errno 48] error while attempting to bind on address ('0.0.0.0', 8000): address already in use
INFO:     Waiting for application shutdown.
INFO:     Application shutdown complete.
INFO:     Started server process [12784]
INFO:     Waiting for application startup.
INFO:     Application startup complete.
ERROR:    [Errno 48] error while attempting to bind on address ('0.0.0.0', 8000): address already in use
INFO:     Waiting for application shutdown.
INFO:     Application shutdown complete.
INFO:     Started server process [12800]
INFO:     Waiting for application startup.
INFO:     Application startup complete.
ERROR:    [Errno 48] error while attempting to bind on address ('0.0.0.0', 8000): address already in use
INFO:     Waiting for application shutdown.
INFO:     Application shutdown complete.
INFO:     Started server process [12815]
INFO:     Waiting for application startup.
INFO:     Application startup complete.
ERROR:    [Errno 48] error while attempting to bind on address ('0.0.0.0', 8000): address already in use
INFO:     Waiting for application shutdown.
INFO:     Application shutdown complete.
INFO:     Started server process [12831]
INFO:     Waiting for application startup.
INFO:     Application startup complete.
ERROR:    [Errno 48] error while attempting to bind on address ('0.0.0.0', 8000): address already in use
INFO:     Waiting for application shutdown.
INFO:     Application shutdown complete.
INFO:     Started server process [12848]
INFO:     Waiting for application startup.
INFO:     Application startup complete.
ERROR:    [Errno 48] error while attempting to bind on address ('0.0.0.0', 8000): address already in use
INFO:     Waiting for application shutdown.
INFO:     Application shutdown complete.
INFO:     Started server process [12869]
INFO:     Waiting for application startup.
INFO:     Application startup complete.
ERROR:    [Errno 48] error while attempting to bind on address ('0.0.0.0', 8000): address already in use
INFO:     Waiting for application shutdown.
INFO:     Application shutdown complete.
INFO:     Started server process [12889]
INFO:     Waiting for application startup.
INFO:     Application startup complete.
ERROR:    [Errno 48] error while attempting to bind on address ('0.0.0.0', 8000): address already in use
INFO:     Waiting for application shutdown.
INFO:     Application shutdown complete.
INFO:     Started server process [12910]
INFO:     Waiting for application startup.
INFO:     Application startup complete.
ERROR:    [Errno 48] error while attempting to bind on address ('0.0.0.0', 8000): address already in use
INFO:     Waiting for application shutdown.
INFO:     Application shutdown complete.
INFO:     Started server process [12930]
INFO:     Waiting for application startup.
INFO:     Application startup complete.
ERROR:    [Errno 48] error while attempting to bind on address ('0.0.0.0', 8000): address already in use
INFO:     Waiting for application shutdown.
INFO:     Application shutdown complete.
INFO:     Started server process [12946]
INFO:     Waiting for application startup.
INFO:     Application startup complete.
ERROR:    [Errno 48] error while attempting to bind on address ('0.0.0.0', 8000): address already in use
INFO:     Waiting for application shutdown.
INFO:     Application shutdown complete.
INFO:     Started server process [12962]
INFO:     Waiting for application startup.
INFO:     Application startup complete.
ERROR:    [Errno 48] error while attempting to bind on address ('0.0.0.0', 8000): address already in use
INFO:     Waiting for application shutdown.
INFO:     Application shutdown complete.
INFO:     Started server process [12988]
INFO:     Waiting for application startup.
INFO:     Application startup complete.
ERROR:    [Errno 48] error while attempting to bind on address ('0.0.0.0', 8000): address already in use
INFO:     Waiting for application shutdown.
INFO:     Application shutdown complete.
INFO:     Started server process [13009]
INFO:     Waiting for application startup.
INFO:     Application startup complete.
ERROR:    [Errno 48] error while attempting to bind on address ('0.0.0.0', 8000): address already in use
INFO:     Waiting for application shutdown.
INFO:     Application shutdown complete.
INFO:     Started server process [13065]
INFO:     Waiting for application startup.
INFO:     Application startup complete.
ERROR:    [Errno 48] error while attempting to bind on address ('0.0.0.0', 8000): address already in use
INFO:     Waiting for application shutdown.
INFO:     Application shutdown complete.
INFO:     Started server process [13080]
INFO:     Waiting for application startup.
INFO:     Application startup complete.
ERROR:    [Errno 48] error while attempting to bind on address ('0.0.0.0', 8000): address already in use
INFO:     Waiting for application shutdown.
INFO:     Application shutdown complete.
INFO:     Started server process [13097]
INFO:     Waiting for application startup.
INFO:     Application startup complete.
ERROR:    [Errno 48] error while attempting to bind on address ('0.0.0.0', 8000): address already in use
INFO:     Waiting for application shutdown.
INFO:     Application shutdown complete.
INFO:     Started server process [13114]
INFO:     Waiting for application startup.
INFO:     Application startup complete.
ERROR:    [Errno 48] error while attempting to bind on address ('0.0.0.0', 8000): address already in use
INFO:     Waiting for application shutdown.
INFO:     Application shutdown complete.
INFO:     Started server process [13135]
INFO:     Waiting for application startup.
INFO:     Application startup complete.
ERROR:    [Errno 48] error while attempting to bind on address ('0.0.0.0', 8000): address already in use
INFO:     Waiting for application shutdown.
INFO:     Application shutdown complete.
INFO:     Started server process [13150]
INFO:     Waiting for application startup.
INFO:     Application startup complete.
ERROR:    [Errno 48] error while attempting to bind on address ('0.0.0.0', 8000): address already in use
INFO:     Waiting for application shutdown.
INFO:     Application shutdown complete.
INFO:     Started server process [13166]
INFO:     Waiting for application startup.
INFO:     Application startup complete.
ERROR:    [Errno 48] error while attempting to bind on address ('0.0.0.0', 8000): address already in use
INFO:     Waiting for application shutdown.
INFO:     Application shutdown complete.
INFO:     Started server process [13189]
INFO:     Waiting for application startup.
INFO:     Application startup complete.
ERROR:    [Errno 48] error while attempting to bind on address ('0.0.0.0', 8000): address already in use
INFO:     Waiting for application shutdown.
INFO:     Application shutdown complete.
INFO:     Started server process [13205]
INFO:     Waiting for application startup.
INFO:     Application startup complete.
ERROR:    [Errno 48] error while attempting to bind on address ('0.0.0.0', 8000): address already in use
INFO:     Waiting for application shutdown.
INFO:     Application shutdown complete.
INFO:     Started server process [13218]
INFO:     Waiting for application startup.
INFO:     Application startup complete.
ERROR:    [Errno 48] error while attempting to bind on address ('0.0.0.0', 8000): address already in use
INFO:     Waiting for application shutdown.
INFO:     Application shutdown complete.
INFO:     Started server process [13234]
INFO:     Waiting for application startup.
INFO:     Application startup complete.
ERROR:    [Errno 48] error while attempting to bind on address ('0.0.0.0', 8000): address already in use
INFO:     Waiting for application shutdown.
INFO:     Application shutdown complete.
INFO:     Started server process [13249]
INFO:     Waiting for application startup.
INFO:     Application startup complete.
ERROR:    [Errno 48] error while attempting to bind on address ('0.0.0.0', 8000): address already in use
INFO:     Waiting for application shutdown.
INFO:     Application shutdown complete.
INFO:     Started server process [13265]
INFO:     Waiting for application startup.
INFO:     Application startup complete.
ERROR:    [Errno 48] error while attempting to bind on address ('0.0.0.0', 8000): address already in use
INFO:     Waiting for application shutdown.
INFO:     Application shutdown complete.
INFO:     Started server process [13281]
INFO:     Waiting for application startup.
INFO:     Application startup complete.
ERROR:    [Errno 48] error while attempting to bind on address ('0.0.0.0', 8000): address already in use
INFO:     Waiting for application shutdown.
INFO:     Application shutdown complete.
INFO:     Started server process [13295]
INFO:     Waiting for application startup.
INFO:     Application startup complete.
ERROR:    [Errno 48] error while attempting to bind on address ('0.0.0.0', 8000): address already in use
INFO:     Waiting for application shutdown.
INFO:     Application shutdown complete.
INFO:     Started server process [13310]
INFO:     Waiting for application startup.
INFO:     Application startup complete.
ERROR:    [Errno 48] error while attempting to bind on address ('0.0.0.0', 8000): address already in use
INFO:     Waiting for application shutdown.
INFO:     Application shutdown complete.
INFO:     Started server process [13321]
INFO:     Waiting for application startup.
INFO:     Application startup complete.
ERROR:    [Errno 48] error while attempting to bind on address ('0.0.0.0', 8000): address already in use
INFO:     Waiting for application shutdown.
INFO:     Application shutdown complete.
INFO:     Started server process [13336]
INFO:     Waiting for application startup.
INFO:     Application startup complete.
INFO:     Uvicorn running on http://0.0.0.0:8000 (Press CTRL+C to quit)
